Name,Address,Street,City,Province_State,Postal_Code,Country,Search_Zip
SALON SUGAR/SPA SPICE LAVAL,"1050 BOUL LE CORBUSIER, LAVAL, QC, H7N 0A8, Canada",1050 BOUL LE CORBUSIER,LAVAL,QC,H7N 0A8,Canada,H7N
AVANTI LE SPA LAVAL,"1432 BOUL SAINT-MARTIN O, LAVAL, QC, H7S 1M9, Canada",1432 BOUL SAINT-MARTIN O,LAVAL,QC,H7S 1M9,Canada,H7N
CENTRES DE BEAUTE NEWAGE INC,"1655 BOUL DE L AVENIR, LAVAL, QC, H7S 2N5, Canada",1655 BOUL DE L AVENIR,LAVAL,QC,H7S 2N5,Canada,H7N
CLINIQUE D ESTHETIQUE FLORA,"164 FLEURY OUEST, MONTREAL, QC, H3L 1T5, Canada",164 FLEURY OUEST,MONTREAL,QC,H3L 1T5,Canada,H7N
BEAUTE ACCORD COIFFURE,"2700 BOUL DE LA CONCORDE E., LAVAL, QC, H7E 2B4, Canada",2700 BOUL DE LA CONCORDE E.,LAVAL,QC,H7E 2B4,Canada,H7N
INSTITUT BEAUTE OREA,"2014 BOUL RENE-LAENNEC, LAVAL, QC, H7M 4J8, Canada",2014 BOUL RENE-LAENNEC,LAVAL,QC,H7M 4J8,Canada,H7N
AVANTI LE SPA,"2318 LUCERNE, MONT-ROYAL, QC, H3R 2J8, Canada",2318 LUCERNE,MONT-ROYAL,QC,H3R 2J8,Canada,H7N
ESPACE MAWAII,"7548 RUE SAINT-HUBERT, MONTREAL, QC, H2R 2N6, Canada",7548 RUE SAINT-HUBERT,MONTREAL,QC,H2R 2N6,Canada,H7N
RENNAI,"5401 ROYALMOUNT AVE, MONT-ROYAL, QC, H4P 1G9, Canada",5401 ROYALMOUNT AVE,MONT-ROYAL,QC,H4P 1G9,Canada,H7N
DEAUVILLE,"4048 JEAN TALON O., MONTREAL, QC, H4P 1V5, Canada",4048 JEAN TALON O.,MONTREAL,QC,H4P 1V5,Canada,H7N
STUDIO OVARIUM,"400 RUE BEAUBIEN E, MONTREAL, QC, H2S 1S3, Canada",400 RUE BEAUBIEN E,MONTREAL,QC,H2S 1S3,Canada,H7N
ESTHETIQUE JULIE ST-LOUIS,"210-6455 AV CHRISTOPHE-COLOMB, MONTREAL, QC, H2S 2G5, Canada",210-6455 AV CHRISTOPHE-COLOMB,MONTREAL,QC,H2S 2G5,Canada,H7N
MIDTOWN LE SPORTING CLUB,"6105 AVE DU BOISE, MONTREAL, QC, H3S 2V9, Canada",6105 AVE DU BOISE,MONTREAL,QC,H3S 2V9,Canada,H7N
CLINIQUE SANTE BEAUTE MERIDIEN,"100-4113 RUE JEAN-TALON E, MONTREAL, QC, H1S 1J5, Canada",100-4113 RUE JEAN-TALON E,MONTREAL,QC,H1S 1J5,Canada,H7N
AMOURELLE,"4455 BEAUBIEN EST, MONTREAL, QC, H1T 1T3, Canada",4455 BEAUBIEN EST,MONTREAL,QC,H1T 1T3,Canada,H7N
CLINIQUE DE BEAUTE DIANE,"5169 BELANGER EST, MONTREAL, QC, H1T 1E1, Canada",5169 BELANGER EST,MONTREAL,QC,H1T 1E1,Canada,H7N
INST. DE BTE LORRAINE TERMETZ,"4489 FABRE, MONTREAL, QC, H2J 3V4, Canada",4489 FABRE,MONTREAL,QC,H2J 3V4,Canada,H7N
LUXLOCATIONS,"235 BOUL LABELLE, ROSEMERE, QC, J7A 2H3, Canada",235 BOUL LABELLE,ROSEMERE,QC,J7A 2H3,Canada,H7N
AU PREMIER COIFFURE INC,"5487 MONKLAND, MONTREAL, QC, H4A 1C6, Canada",5487 MONKLAND,MONTREAL,QC,H4A 1C6,Canada,H7N
ESTHETIQUE DIANE COUTU,"118 CHEMIN DE LA GRANDE COTE, BOISBRIAND, QC, J7G 1C2, Canada",118 CHEMIN DE LA GRANDE COTE,BOISBRIAND,QC,J7G 1C2,Canada,H7N
REFLET BEAUTE ENR. LE,"360 GRANDE COTE #203, ROSEMERE, QC, J7A 1K6, Canada",360 GRANDE COTE #203,ROSEMERE,QC,J7A 1K6,Canada,H7N
AVANTI LE SPA WESTMOUNT,"430-376 AV VICTORIA, WESTMOUNT, QC, H3Z 1C3, Canada",430-376 AV VICTORIA,WESTMOUNT,QC,H3Z 1C3,Canada,H7N
SPA DIVA,"1455 RUE PEEL, MONTREAL, QC, H3A 1T5, Canada",1455 RUE PEEL,MONTREAL,QC,H3A 1T5,Canada,H7N
LE MANOIR COQUETTERIE,"15 RUE SAINTE-CATHERINE E, MONTREAL, QC, H2X 1K3, Canada",15 RUE SAINTE-CATHERINE E,MONTREAL,QC,H2X 1K3,Canada,H7N
JOHANNE BOUCHARD ESTH.,"105-35 RUE JOSEPH-HAMELIN, SAINTE-THERESE, QC, J7E 5V9, Canada",105-35 RUE JOSEPH-HAMELIN,SAINTE-THERESE,QC,J7E 5V9,Canada,H7N
BYASHLY,"106-4020 RUE SAINT-AMBROISE, MONTREAL, QC, H4C 2C7, Canada",106-4020 RUE SAINT-AMBROISE,MONTREAL,QC,H4C 2C7,Canada,H7N
MIKADA SALON SPA,"1500 RUE COURS LE CORBUSIER, BOISBRIAND, QC, J7G 3E8, Canada",1500 RUE COURS LE CORBUSIER,BOISBRIAND,QC,J7G 3E8,Canada,H7N
LE SALON SUGAR,"75 BOUL. DES CHATEAUX #105, BLAINVILLE, QC, J7B 2A4, Canada",75 BOUL. DES CHATEAUX #105,BLAINVILLE,QC,J7B 2A4,Canada,H7N
CTRE DE SANTE & BTE L ACALMIE,"1955 ARTHUR-SAUVE, LAVAL (LAVAL-OUEST), QC, H7R 3W6, Canada",1955 ARTHUR-SAUVE,LAVAL (LAVAL-OUEST),QC,H7R 3W6,Canada,H7N
FUTURISTE CTRE BTY/INST CLIONA,"#120-477 25E AVENUE, SAINT-EUSTACHE, QC, J7P 4Y1, Canada",#120-477 25E AVENUE,SAINT-EUSTACHE,QC,J7P 4Y1,Canada,H7N
CTRE D ESTH.DANIELLE BENOIT,"109-110 RUE DE LA BARRE, LONGUEUIL, QC, J4K 1A3, Canada",109-110 RUE DE LA BARRE,LONGUEUIL,QC,J4K 1A3,Canada,H7N
M.C. INC INSTITUT,"8479 NEWMAN, LASALLE, QC, H8N 2Y7, Canada",8479 NEWMAN,LASALLE,QC,H8N 2Y7,Canada,H7N
QUINTESSENCE ESTHETIQUE LA,"710 RICHARD, VERDUN, QC, H4H 2A6, Canada",710 RICHARD,VERDUN,QC,H4H 2A6,Canada,H7N
SPA SANTE LE NENUPHAR,"704 RUE SAINT-PIERRE, TERREBONNE, QC, J6W 1E2, Canada",704 RUE SAINT-PIERRE,TERREBONNE,QC,J6W 1E2,Canada,H7N
LES ATELIERS LAVANDE,"223 RUE DE GENTILLY O, LONGUEUIL, QC, J4H 1Z5, Canada",223 RUE DE GENTILLY O,LONGUEUIL,QC,J4H 1Z5,Canada,H7N
A TON CHARME,"308-710 BOUL DES SEIGNEURS, TERREBONNE, QC, J6W 1T6, Canada",308-710 BOUL DES SEIGNEURS,TERREBONNE,QC,J6W 1T6,Canada,H7N
SPA ESSENTIEL,"3563 BOUL SAINT-CHARLES, KIRKLAND, QC, H9H 3C4, Canada",3563 BOUL SAINT-CHARLES,KIRKLAND,QC,H9H 3C4,Canada,H7N
LES JUMELLES,"103-744 BOUL DU CURE-LABELLE, BLAINVILLE, QC, J7C 2K3, Canada",103-744 BOUL DU CURE-LABELLE,BLAINVILLE,QC,J7C 2K3,Canada,H7N
INSTITUT BRABANT,"102-876 BOUL. CURE-LABELLE, BLAINVILLE, QC, J7C 2K9, Canada",102-876 BOUL. CURE-LABELLE,BLAINVILLE,QC,J7C 2K9,Canada,H7N
SALON D ESTHETIQUE BELLES DE J,"3720 MANCE, ST-HUBERT, QC, J4T 2J9, Canada",3720 MANCE,ST-HUBERT,QC,J4T 2J9,Canada,H7N
ESTHETIQUE KRISTINA,"1060 BOUL DU CURE-LABELLE, BLAINVILLE, QC, J7C 2M6, Canada",1060 BOUL DU CURE-LABELLE,BLAINVILLE,QC,J7C 2M6,Canada,H7N
EAU BOUT DE L ILE,"10584 BOUL. LEVESQUE E., LAVAL, QC, H7A 4B9, Canada",10584 BOUL. LEVESQUE E.,LAVAL,QC,H7A 4B9,Canada,H7N
ESTHETE VERO,"2122B AV VICTORIA, GREENFIELD PARK, QC, J4V 1M9, Canada",2122B AV VICTORIA,GREENFIELD PARK,QC,J4V 1M9,Canada,H7N
COIFFURE LES FILLES,"452 MONTEE MASSON, MASCOUCHE, QC, J7K 2L5, Canada",452 MONTEE MASSON,MASCOUCHE,QC,J7K 2L5,Canada,H7N
DERMASTRUCTURE 9171-8809 Quebe,"200-1340 BOUL DU CURE-LABELLE, BLAINVILLE, QC, J7C 2P2, Canada",200-1340 BOUL DU CURE-LABELLE,BLAINVILLE,QC,J7C 2P2,Canada,H7N
ESTHETIQUE NEUF,"289 RUE DE GASCOGNE, BOUCHERVILLE, QC, J4B 7V4, Canada",289 RUE DE GASCOGNE,BOUCHERVILLE,QC,J4B 7V4,Canada,H7N
ESTHETIQUE CONCEPT MARIE-LUCE,"4705 RUE FORESTER, ST-HUBERT, QC, J3Y 1W6, Canada",4705 RUE FORESTER,ST-HUBERT,QC,J3Y 1W6,Canada,H7N
ASTORIA BEAUTE INC,"5125 BOUL COUSINEAU, SAINT-HUBERT, QC, J3Y 3K7, Canada",5125 BOUL COUSINEAU,SAINT-HUBERT,QC,J3Y 3K7,Canada,H7N
CLINIQUE DES SENS,"72 BOUL SALABERRY S, CHATEAUGUAY, QC, J6J 4J6, Canada",72 BOUL SALABERRY S,CHATEAUGUAY,QC,J6J 4J6,Canada,H7N
ESTHETIQUE VIRGINIE LAVOIE,"761 BOUL TASCHEREAU, LA PRAIRIE, QC, J5R 1W1, Canada",761 BOUL TASCHEREAU,LA PRAIRIE,QC,J5R 1W1,Canada,H7N
MOUVEMENT SANTE BEAUTE,"90 MORGAN SUITE 211, BAIE D URFE, QC, H9X 3A8, Canada",90 MORGAN SUITE 211,BAIE D URFE,QC,H9X 3A8,Canada,H7N
LYNE SANSCARTIER,"101 RUE PARKVIEW, CHATEAUGUAY, QC, J6K 2H2, Canada",101 RUE PARKVIEW,CHATEAUGUAY,QC,J6K 2H2,Canada,H7N
LUX BAR A ONGLES,"5955 BOUL COUSINEAU, SAINT-HUBERT, QC, J3Y 7P5, Canada",5955 BOUL COUSINEAU,SAINT-HUBERT,QC,J3Y 7P5,Canada,H7N
JULIE MARTINEAU ESTHETIQUE,"5175 RUE CORNWALL, SAINT-HUBERT, QC, J3Y 2S8, Canada",5175 RUE CORNWALL,SAINT-HUBERT,QC,J3Y 2S8,Canada,H7N
SALON CAROLE,"2590 BOUL RENE-GAULTIER, VARENNES, QC, J3X 1K5, Canada",2590 BOUL RENE-GAULTIER,VARENNES,QC,J3X 1K5,Canada,H7N
CALME SPA,"325 BOUL GRAND, L ILE-PERROT, QC, J7V 4X3, Canada",325 BOUL GRAND,L ILE-PERROT,QC,J7V 4X3,Canada,H7N
LASER SPA INC.,"397 NOTRE-DAME, REPENTIGNY, QC, J6A 2T2, Canada",397 NOTRE-DAME,REPENTIGNY,QC,J6A 2T2,Canada,H7N
LA BOUTIQUE,"630 C MONTEE SAINTE-JULIE, SAINTE-JULIE, QC, J3E 1W8, Canada",630 C MONTEE SAINTE-JULIE,SAINTE-JULIE,QC,J3E 1W8,Canada,H7N
TONIK BAR BEAUTE,"320 RUE DE MURANO SUITE 103, SAINTE-JULIE, QC, J3E 0C6, Canada",320 RUE DE MURANO SUITE 103,SAINTE-JULIE,QC,J3E 0C6,Canada,H7N
VS BEAUTE,"106-50 CH DE LA CARRIERE, CARIGNAN, QC, J3L 0N5, Canada",106-50 CH DE LA CARRIERE,CARIGNAN,QC,J3L 0N5,Canada,H7N
DIANE LABERGE ESTHETIQUE,"3 RUE DES ECOSSAIS, BEAUHARNOIS, QC, J6N 1Y7, Canada",3 RUE DES ECOSSAIS,BEAUHARNOIS,QC,J6N 1Y7,Canada,H7N
ESTHETIQUE ELISE PETERSEN,"430-585 AV SAINT-CHARLES, VAUDREUIL-DORION, QC, J7V 8P9, Canada",430-585 AV SAINT-CHARLES,VAUDREUIL-DORION,QC,J7V 8P9,Canada,H7N
ESTHETIQUE SALEM,"222 RUE DE LA TRAMONTANE, SAINT-JEAN-SUR-RICHELIEU, QC, J2W 3B2, Canada",222 RUE DE LA TRAMONTANE,SAINT-JEAN-SUR-RICHELIEU,QC,J2W 3B2,Canada,H7N
ESTHETIQUEMENT VOTRE INC.,"381 SIR-WILFRID LAURIER, BELOEIL, QC, J3G 4H6, Canada",381 SIR-WILFRID LAURIER,BELOEIL,QC,J3G 4H6,Canada,H7N
INSTITUT SANTE BEAUTE,"251 BREBOEUF, BELOEIL, QC, J3G 5E7, Canada",251 BREBOEUF,BELOEIL,QC,J3G 5E7,Canada,H7N
LE LOCAL ESTHETIQUE,"201-244 RUE SAINT-GEORGES, MONT-SAINT-HILAIRE, QC, J3H 2Y1, Canada",201-244 RUE SAINT-GEORGES,MONT-SAINT-HILAIRE,QC,J3H 2Y1,Canada,H7N
ESTHETIKA,"115 RUE GRENIER, SAINT-JEAN-SUR-RICHELIEU, QC, J2W 1Y1, Canada",115 RUE GRENIER,SAINT-JEAN-SUR-RICHELIEU,QC,J2W 1Y1,Canada,H7N
LA FACIALISTE,"49 BOUL SAINT-LUC, SAINT-JEAN-SUR-RICHELIEU, QC, J2W 1E3, Canada",49 BOUL SAINT-LUC,SAINT-JEAN-SUR-RICHELIEU,QC,J2W 1E3,Canada,H7N
LE PETIT LOUNGE,"388 RUE LATOUR, SAINT-JEAN-SUR-RICHELIEu, QC, J3B 1M8, Canada",388 RUE LATOUR,SAINT-JEAN-SUR-RICHELIEu,QC,J3B 1M8,Canada,H7N
INSTITUT TARA A/S LYNE THEBERG,"1344 RUE DU PONT, MARIEVILLE, QC, J3M 1G2, Canada",1344 RUE DU PONT,MARIEVILLE,QC,J3M 1G2,Canada,H7N
BEAUTE TOUT POUR ELLE,"2005 RUE MONAT, SAINT-JEAN-SUR-RICHELIEU, QC, J2X 5G9, Canada",2005 RUE MONAT,SAINT-JEAN-SUR-RICHELIEU,QC,J2X 5G9,Canada,H7N
AU MASQUE D OR,"671 CH.STE-ANNE-DES-LACS, LAC GUINDON, QC, J0R 1B0, Canada",671 CH.STE-ANNE-DES-LACS,LAC GUINDON,QC,J0R 1B0,Canada,H7N
KAINA INSTITUT,"13B RUE PRINCIPALE, COTEAU-DU-LAC, QC, J0P 1B0, Canada",13B RUE PRINCIPALE,COTEAU-DU-LAC,QC,J0P 1B0,Canada,H7N
CLINIQUE SYLVIE LEBOEUF,"291 RUE VICTORIA, SALABERRY-DE-VALLEYFIELD, QC, J6T 1A9, Canada",291 RUE VICTORIA,SALABERRY-DE-VALLEYFIELD,QC,J6T 1A9,Canada,H7N
BELL ESTHETIQUE,"9 AVENUE MONETTE, SAINT-SAUVEUR, QC, J0R 1R4, Canada",9 AVENUE MONETTE,SAINT-SAUVEUR,QC,J0R 1R4,Canada,H7N
LE MOMENT,"6-451 CH BENOIT, SAINT-SAUVEUR, QC, J0R 1R7, Canada",6-451 CH BENOIT,SAINT-SAUVEUR,QC,J0R 1R7,Canada,H7N
STUDIO D ESTHETIQUE JULIE GAGN,"364 ROUTE DU NORD, BROWNSBURG-CHATHAM, QC, J8G 1L8, Canada",364 ROUTE DU NORD,BROWNSBURG-CHATHAM,QC,J8G 1L8,Canada,H7N
MARIANE G ESTHETIQUE,"3040 RTE 341 SUD, RAWDON, QC, J0K 1S0, Canada",3040 RTE 341 SUD,RAWDON,QC,J0K 1S0,Canada,H7N
PRICIDERM SOINS MEDICO-ESTH,"84 PLACE BOURGET N, JOLIETTE, QC, J6E 5E5, Canada",84 PLACE BOURGET N,JOLIETTE,QC,J6E 5E5,Canada,H7N
ESTHETIQUE SIGNE NL,"237 RANG DE LA PETITE-NORAIE, SAINT-CHARLES-BORROMEE, QC, J6E 8Y9, Canada",237 RANG DE LA PETITE-NORAIE,SAINT-CHARLES-BORROMEE,QC,J6E 8Y9,Canada,H7N
SUBLIME STUDIO BEAUTE,"203-127 RUE DE LA VISITATION, SAINT-CHARLES-BORROMEE, QC, J6E 4N4, Canada",203-127 RUE DE LA VISITATION,SAINT-CHARLES-BORROMEE,QC,J6E 4N4,Canada,H7N
ZONE DETENTE SPA URBAIN,"3-540 BOUL CASAVANT O, SAINT-HYACINTHE, QC, J2S 7S3, Canada",3-540 BOUL CASAVANT O,SAINT-HYACINTHE,QC,J2S 7S3,Canada,H7N
LASER MIEUX-ETRE ENR.,"1191 DES CASCADES O. #200, ST-HYACINTHE, QC, J2S 3G9, Canada",1191 DES CASCADES O. #200,ST-HYACINTHE,QC,J2S 3G9,Canada,H7N
SOINS ESTHETIQUES TALYSA,"301 RUE CORCORAN, SAINT-ALPHONSE-RODRIGUEZ, QC, J0K 1W0, Canada",301 RUE CORCORAN,SAINT-ALPHONSE-RODRIGUEZ,QC,J0K 1W0,Canada,H7N
CENTRE HOLISTIQUE V.COTE,"1000 PRINCIPALE, ST-PAUL-D ABBOTSFORD, QC, J0E 1A0, Canada",1000 PRINCIPALE,ST-PAUL-D ABBOTSFORD,QC,J0E 1A0,Canada,H7N
STUDIO D ESTH. SYLVIE GODBOUT,"8 RUE GROVE, GRANBY, QC, J2G 4M4, Canada",8 RUE GROVE,GRANBY,QC,J2G 4M4,Canada,H7N
ESTHETIQUE LIMAR INC,"215 RUE BELL, COWANSVILLE, QC, J2K 3C9, Canada",215 RUE BELL,COWANSVILLE,QC,J2K 3C9,Canada,H7N
DIANE ST-PIERRE,"118 CH DE SAINT-ARMAND, FRELIGHSBURG, QC, J0J 1C0, Canada",118 CH DE SAINT-ARMAND,FRELIGHSBURG,QC,J0J 1C0,Canada,H7N
RAYMOND NADIA,"288 RUE DES CIMES, SHEFFORD, QC, J2M 1N9, Canada",288 RUE DES CIMES,SHEFFORD,QC,J2M 1N9,Canada,H7N
INSTITUT DE BEAUTE NATHALIE,"1239 RUE DE SAINT-JOVITE, MONT-TREMBLANT, QC, J8E 3J9, Canada",1239 RUE DE SAINT-JOVITE,MONT-TREMBLANT,QC,J8E 3J9,Canada,H7N
LA SOIE BLANCHE,"3000 DE CARILLON, TROIS-RIVIERES, QC, G8Z 3Y3, Canada",3000 DE CARILLON,TROIS-RIVIERES,QC,G8Z 3Y3,Canada,H7N
ESTHETIQUE MANON BENOIT,"2266 RUE MARCOTTE, MAGOG, QC, J1X 5T7, Canada",2266 RUE MARCOTTE,MAGOG,QC,J1X 5T7,Canada,H7N
COIFFURE L ANTETE & D.LAPOINTE,"1670 6e RUE, TROIS-RIVIERES, QC, G8Y 5B8, Canada",1670 6e RUE,TROIS-RIVIERES,QC,G8Y 5B8,Canada,H7N
ESTHETIQUE MARIE LEBLANC,"7063 BOUL DES FORGES, TROIS-RIVIERES, QC, G8Y 1Y7, Canada",7063 BOUL DES FORGES,TROIS-RIVIERES,QC,G8Y 1Y7,Canada,H7N
ESTHELLE ESPACE BEAUTE,"100 PLACE DU COMMERCE, MAGOG, QC, J1X 5G6, Canada",100 PLACE DU COMMERCE,MAGOG,QC,J1X 5G6,Canada,H7N
CLINIQUE SOPHIE LACHAPELLE,"910 LA FOREST, ST-MICHEL-DES-SAINTS, QC, J0K 3B0, Canada",910 LA FOREST,ST-MICHEL-DES-SAINTS,QC,J0K 3B0,Canada,H7N
GODIN LINDA,"10 VAILLANCOURT #200, TROIS-RIVIERES, QC, G8T 1Y5, Canada",10 VAILLANCOURT #200,TROIS-RIVIERES,QC,G8T 1Y5,Canada,H7N
FRANCINE AUGER,"179 RUE LEBLOND, ST-FRANCOIS-XAVIER-DE-BROMPTON, J0B 2V0, Canada",179 RUE LEBLOND,ST-FRANCOIS-XAVIER-DE-BROMPTON,,J0B 2V0,Canada,H7N
SIGNATURE MELISA PARENTEAU,"746 UNITE 2 AVE DE BUCKINGHAM, GATINEAU, QC, J8L 2H8, Canada",746 UNITE 2 AVE DE BUCKINGHAM,GATINEAU,QC,J8L 2H8,Canada,H7N
LAROCHELLE AESTHETICS LTD,"1925 CAPRIHANI WAY, ORLEANS, ON, K4A 4T4, Canada",1925 CAPRIHANI WAY,ORLEANS,ON,K4A 4T4,Canada,H7N
SKINS DERMA CARE TRIM,"1290 TRIM RD, ORLEANS, ON, K4A 3P7, Canada",1290 TRIM RD,ORLEANS,ON,K4A 3P7,Canada,H7N
CARINE POULIOT / CLINIQUE LUMI,"23 RUE CATE, SHERBROOKE, QC, J1J 2N9, Canada",23 RUE CATE,SHERBROOKE,QC,J1J 2N9,Canada,H7N
PRIVE SPA (2555220 ONTARIO INC,"2179 MER BLEUE RD, ORLEANS, ON, K4A 3T9, Canada",2179 MER BLEUE RD,ORLEANS,ON,K4A 3T9,Canada,H7N
CLINIQUE D ESTH. MANON TRUDEL,"5100 RUE RICKABY, SHAWINIGAN, QC, G9T 5K5, Canada",5100 RUE RICKABY,SHAWINIGAN,QC,G9T 5K5,Canada,H7N
SYNERGY SPA,"1-1180 PLACE D ORLEANS DR., OTTAWA, ON, K1C 7K3, Canada",1-1180 PLACE D ORLEANS DR.,OTTAWA,ON,K1C 7K3,Canada,H7N
ESTH. JOHANNE BERTHIAUME,"951 CH DE LA VIGILANCE, SHAWINIGAN, QC, G0X 1L0, Canada",951 CH DE LA VIGILANCE,SHAWINIGAN,QC,G0X 1L0,Canada,H7N
CTRE DE BTE & SANTE JOSEE MAGN,"1420 BOUL BECANCOUR, BECANCOUR, QC, G9H 3T8, Canada",1420 BOUL BECANCOUR,BECANCOUR,QC,G9H 3T8,Canada,H7N
AZUR CENTRE SANTE BEAUTE,"19 BOUL ARTHABASKA E, VICTORIAVILLE, QC, G6T 0S4, Canada",19 BOUL ARTHABASKA E,VICTORIAVILLE,QC,G6T 0S4,Canada,H7N
BLUSH & ROSE BEAUTY BAR,"3-100 SHUTTLEWORTH DR, GLOUCESTER, ON, K1T 0W7, Canada",3-100 SHUTTLEWORTH DR,GLOUCESTER,ON,K1T 0W7,Canada,H7N
RAMSAY ESTHETIQUE,"62 CH SAUVE, VAL-DES-MONTS, QC, J8N 5A4, Canada",62 CH SAUVE,VAL-DES-MONTS,QC,J8N 5A4,Canada,H7N
STUDIO 157 INC.,"348 RUE MAIN, GATINEAU, QC, J8P 5K3, Canada",348 RUE MAIN,GATINEAU,QC,J8P 5K3,Canada,H7N
THIRD AVENUE SPA,"784 BANK ST, OTTAWA, ON, K1S 3V6, Canada",784 BANK ST,OTTAWA,ON,K1S 3V6,Canada,H7N
8955310 CANADA INC. (DERMIS AD,"#110-116 ALBERT ST., OTTAWA, ON, K1P 5G3, Canada",#110-116 ALBERT ST.,OTTAWA,ON,K1P 5G3,Canada,H7N
PYGMALION SPA C/O FORBES BEAUT,"1000 WELLINGTON ST W, OTTAWA, ON, K1Y 2X9, Canada",1000 WELLINGTON ST W,OTTAWA,ON,K1Y 2X9,Canada,H7N
ALLURE HAIR DESIGN & SPA,"1145 MILL ST P.O BOX 119, MANOTICK, ON, K4M 1A2, Canada",1145 MILL ST P.O BOX 119,MANOTICK,ON,K4M 1A2,Canada,H7N
OTTAWA DERM CENTRE,"105A-460 WEST HUNT CLUB RD, NEPEAN, ON, K2E 0B8, Canada",105A-460 WEST HUNT CLUB RD,NEPEAN,ON,K2E 0B8,Canada,H7N
RENU MASSAGE THERAPY & SPA,"1432 WELLINGTON ST W, OTTAWA, ON, K1Y 2X2, Canada",1432 WELLINGTON ST W,OTTAWA,ON,K1Y 2X2,Canada,H7N
WESTBORO SPA,"455 CHURCHILL AVE. NORTH, OTTAWA, ON, K1Z 5E1, Canada",455 CHURCHILL AVE. NORTH,OTTAWA,ON,K1Z 5E1,Canada,H7N
APHRODITI ESCAPE SALON & SPA,"103 CLOTHIER ST E, KEMPTVILLE, ON, K0G 1J0, Canada",103 CLOTHIER ST E,KEMPTVILLE,ON,K0G 1J0,Canada,H7N
HUMA SPA,"304-10 ALLEE DE HAMBOURG, GATINEAU, QC, J9J 4K1, Canada",304-10 ALLEE DE HAMBOURG,GATINEAU,QC,J9J 4K1,Canada,H7N
STUDIO 157,"103-10 ALLEE DE HAMBOURG, GATINEAU, QC, J9J 4K1, Canada",103-10 ALLEE DE HAMBOURG,GATINEAU,QC,J9J 4K1,Canada,H7N
LINE POULIN,"2151 ST-LOUIS, PLESSISVILLE, QC, G6L 2N8, Canada",2151 ST-LOUIS,PLESSISVILLE,QC,G6L 2N8,Canada,H7N
SPOTLIGHT HAIR & SPA INC,"3517 MCBEAN ST, OTTAWA, ON, K0A 2Z0, Canada",3517 MCBEAN ST,OTTAWA,ON,K0A 2Z0,Canada,H7N
THE SPA DAY RETREAT,"26 CASTLEFRANK RD., NEPEAN, ON, K2L 4B4, Canada",26 CASTLEFRANK RD.,NEPEAN,ON,K2L 4B4,Canada,H7N
MAHOGANY SALON & SPA LTD,"1261 MAIN STREET, STITTSVILLE, ON, K2S 2E4, Canada",1261 MAIN STREET,STITTSVILLE,ON,K2S 2E4,Canada,H7N
ESTHETIQUE MELANIE BERUBE,"369 BOUL. ALBINY-PAQUETTE, MONT-LAURIER, QC, J9L 1K5, Canada",369 BOUL. ALBINY-PAQUETTE,MONT-LAURIER,QC,J9L 1K5,Canada,H7N
FACE VALUES/THE DAY SPA,"1551 BURRITS RAPIDS, MERRICKVILLE, ON, K0G 1N0, Canada",1551 BURRITS RAPIDS,MERRICKVILLE,ON,K0G 1N0,Canada,H7N
BEAUTY INSIDE,"6-5 HOME ST, BROCKVILLE, ON, K6V 0A5, Canada",6-5 HOME ST,BROCKVILLE,ON,K6V 0A5,Canada,H7N
COULEURS ET MOLECULES INC,"520 BOUL.FRONTENAC OUEST #182, THETFORD MINES, QC, G6G 5V9, Canada",520 BOUL.FRONTENAC OUEST #182,THETFORD MINES,QC,G6G 5V9,Canada,H7N
LESSARD KARINA,"102 RUE LACERTE, THETFORD MINES, QC, G6G 3G2, Canada",102 RUE LACERTE,THETFORD MINES,QC,G6G 3G2,Canada,H7N
MAHOGANY SALON & SPA,"369 NAPOLEON ST, CARLTON PLACE, ON, K7C 3Y3, Canada",369 NAPOLEON ST,CARLTON PLACE,ON,K7C 3Y3,Canada,H7N
INSTITUT ANDREA,"342 RUE DUPONT, PONT-ROUGE, QC, G3H 1R4, Canada",342 RUE DUPONT,PONT-ROUGE,QC,G3H 1R4,Canada,H7N
LE STUDIO ESTHETIQUE,"192 RUE COMMERCIAL, SAINT-SEBASTIEN-FRONTENAC, QC, G0Y 1M0, Canada",192 RUE COMMERCIAL,SAINT-SEBASTIEN-FRONTENAC,QC,G0Y 1M0,Canada,H7N
MARIANNE ESTHETIQUE,"120-334 ROUTE 138, ST-AUGUSTIN DE DESMAURES, QC, G3A 1G8, Canada",120-334 ROUTE 138,ST-AUGUSTIN DE DESMAURES,QC,G3A 1G8,Canada,H7N
INSTITUT LOUISE JEAN,"209-4901 RUE LIONEL-GROULX, SAINT-AUGUSTIN-DE-DESMAURES, Q, G3A 0N2, Canada",209-4901 RUE LIONEL-GROULX,SAINT-AUGUSTIN-DE-DESMAURES,Q,G3A 0N2,Canada,H7N
DERMO-ESTHETIQUE MARIE-EVE,"3697 ROUTE DES RIVIERES, LEVIS, QC, G6J 1G5, Canada",3697 ROUTE DES RIVIERES,LEVIS,QC,G6J 1G5,Canada,H7N
ESTHETIQUE DUCHESNEAU,"3759 RUE DU CAMPANILE, QUEBEC, QC, G1X 4G5, Canada",3759 RUE DU CAMPANILE,QUEBEC,QC,G1X 4G5,Canada,H7N
EQUILIBRE BEAUTE SANTE INC.,"110-820 RTE DES RIVIERES, LEVIS, QC, G7A 2V1, Canada",110-820 RTE DES RIVIERES,LEVIS,QC,G7A 2V1,Canada,H7N
ESTHETIQUE PUR VISAGE INC.,"965 DE BOURGOGNE #200, QUEBEC, QC, G1W 1L4, Canada",965 DE BOURGOGNE #200,QUEBEC,QC,G1W 1L4,Canada,H7N
SPA INFINIMA CH STE-FOY,"2972 CH SAINTE-FOY, QUEBEC, QC, G1X 1P6, Canada",2972 CH SAINTE-FOY,QUEBEC,QC,G1X 1P6,Canada,H7N
CLAUDINE TREMBLAY,"857 DE LA RITOURNELLE, ANCIENNE-LORETTE, QC, G2E 6E5, Canada",857 DE LA RITOURNELLE,ANCIENNE-LORETTE,QC,G2E 6E5,Canada,H7N
ESTHETIQUE AVANT-GARDE,"331 RUE SAVOIE, STE-MARIE-DE-BEAUCE, QC, G6E 3W2, Canada",331 RUE SAVOIE,STE-MARIE-DE-BEAUCE,QC,G6E 3W2,Canada,H7N
NOAH SPA,"18 RUE DU BOISE-DU-VIGNERON, SCOTT, QC, G0S 3G0, Canada",18 RUE DU BOISE-DU-VIGNERON,SCOTT,QC,G0S 3G0,Canada,H7N
SPA INFINIMA PLACE STE-FOY,"2450 BOUL LAURIER, QUEBEC, QC, G1V 2L1, Canada",2450 BOUL LAURIER,QUEBEC,QC,G1V 2L1,Canada,H7N
ESTHETIQUE EMANUELLE,"200-2485 CH SAINT-LOUIS, QUEBEC, QC, G1T 1R9, Canada",200-2485 CH SAINT-LOUIS,QUEBEC,QC,G1T 1R9,Canada,H7N
SUZANNE GUIMONT ESTH.ELEC ENR,"2400 CH. SAINT-LOUIS, QUEBEC, QC, G1T 1R6, Canada",2400 CH. SAINT-LOUIS,QUEBEC,QC,G1T 1R6,Canada,H7N
CENTRE DE BEAUTE L EVASION,"171 STE-GENEVIEVE, ST-ISIDORE, QC, G0S 2S0, Canada",171 STE-GENEVIEVE,ST-ISIDORE,QC,G0S 2S0,Canada,H7N
ESTHET. ET COIFFURE DERMO CIZO,"230 DE SAINT ROMUALD, LEVIS, QC, G6W 3H2, Canada",230 DE SAINT ROMUALD,LEVIS,QC,G6W 3H2,Canada,H7N
SKIN & CO ESTHETIQUE SPECIALIS,"285-2500 RUE BEAUREVOIR, QUEBEC, QC, G2C 0M4, Canada",285-2500 RUE BEAUREVOIR,QUEBEC,QC,G2C 0M4,Canada,H7N
CANEVAS LB9,"120-5700 BOUL DES GALERIES, QUEBEC, QC, G2K 0H5, Canada",120-5700 BOUL DES GALERIES,QUEBEC,QC,G2K 0H5,Canada,H7N
CL.NOVA CENTRE MEDICO ESTH.,"1170 BOUL.LEBOURNEUF, QUEBEC, QC, G2K 2E3, Canada",1170 BOUL.LEBOURNEUF,QUEBEC,QC,G2K 2E3,Canada,H7N
NANCY TREMBLAY ESTHETIQUE,"2995 - 1e AVENUE, QUEBEC, QC, G1L 3P2, Canada",2995 - 1e AVENUE,QUEBEC,QC,G1L 3P2,Canada,H7N
MONTEMPLE INC,"8280 1RE AV, QUEBEC, QC, G1G 4C2, Canada",8280 1RE AV,QUEBEC,QC,G1G 4C2,Canada,H7N
CHRYSALIDE INST. DE BEAUTE,"73 SOPHIA-MELVIN, QUEBEC, QC, G2M 1C7, Canada",73 SOPHIA-MELVIN,QUEBEC,QC,G2M 1C7,Canada,H7N
CHEZ L ESTHETICIENNE,"1790 CH DE LA CANARDIERE, QUEBEC, QC, G1J 2E3, Canada",1790 CH DE LA CANARDIERE,QUEBEC,QC,G1J 2E3,Canada,H7N
INSTITUT BEAUTE MANON SIMARD,"PROM. BEAUPORT/3333 CARREFOUR, QUEBEC, QC, G1C 5R9, Canada",PROM. BEAUPORT/3333 CARREFOUR,QUEBEC,QC,G1C 5R9,Canada,H7N
CLINIQUE DERMA PURE,"586 ROUTE BEGIN #100, ST-ANSELME, QC, G0R 2N0, Canada",586 ROUTE BEGIN #100,ST-ANSELME,QC,G0R 2N0,Canada,H7N
RENAISSANCE SALON,"141 DES OEILLETS, LEVIS, QC, G6Y 7S9, Canada",141 DES OEILLETS,LEVIS,QC,G6Y 7S9,Canada,H7N
L ACTU-ELLE,"655 36E RUE OUEST, ST-GEORGES, QC, G5Y 8K9, Canada",655 36E RUE OUEST,ST-GEORGES,QC,G5Y 8K9,Canada,H7N
NANCY BEDARD ESTH./ELECT.,"117 LAUREAT-BELANGER, QUEBEC, QC, G1B 1S6, Canada",117 LAUREAT-BELANGER,QUEBEC,QC,G1B 1S6,Canada,H7N
M.VACHON /ESTHETIQUE CLIONA,"331 ROUTE PRINCIPALE, ST RENE, QC, G0M 1Z0, Canada",331 ROUTE PRINCIPALE,ST RENE,QC,G0M 1Z0,Canada,H7N
EDITH CHAMPAGNE ESTH./ELECT.,"134 RUE DES DUNES, BOISCHATEL, QC, G0A 1H0, Canada",134 RUE DES DUNES,BOISCHATEL,QC,G0A 1H0,Canada,H7N
CTRE ESTH.ET ELECT DE BEAUMONT,"336 ROUTE DU FLEUVE, Beaumont, QC, G0R 1C0, Canada",336 ROUTE DU FLEUVE,Beaumont,QC,G0R 1C0,Canada,H7N
LOLA ESPACE BEAUTE,"89 RUE PRINCIPALE, ST-MICHEL-DE-BELLECHASSE, QC, G0R 3S0, Canada",89 RUE PRINCIPALE,ST-MICHEL-DE-BELLECHASSE,QC,G0R 3S0,Canada,H7N
MARIE-NEIGE ESTHETIQUE,"216 ST-ANDRE, BEAUPRE, QC, G0A 1E0, Canada",216 ST-ANDRE,BEAUPRE,QC,G0A 1E0,Canada,H7N
ESTHETIQUE LEDIANE METAYER,"63 CH LAMARTINE O, L ISLET, QC, G0R 1X0, Canada",63 CH LAMARTINE O,L ISLET,QC,G0R 1X0,Canada,H7N
THE SPAH,"186 FRONT ST., BELLEVILLE, ON, K8N 2Y7, Canada",186 FRONT ST.,BELLEVILLE,ON,K8N 2Y7,Canada,H7N
BEAUTY WORKS DAY SPA,"615 SIDNEY ST., BELLEVILLE, ON, K8P 4A7, Canada",615 SIDNEY ST.,BELLEVILLE,ON,K8P 4A7,Canada,H7N
INSTITUT LES CENTS CIELS,"2486 ROUTE DU FLEUVE, LES EBOULEMENTS, QC, G0A 2M0, Canada",2486 ROUTE DU FLEUVE,LES EBOULEMENTS,QC,G0A 2M0,Canada,H7N
ESTHETIQUE LAURENCE PELLETIER,"401A 9E BOUL DESROCHERS, LA POCATIERE, QC, G0R 1Z0, Canada",401A 9E BOUL DESROCHERS,LA POCATIERE,QC,G0R 1Z0,Canada,H7N
CAPRI MEDISPA,"43 FRONT STREET #200, TRENTON, ON, K8V 4N3, Canada",43 FRONT STREET #200,TRENTON,ON,K8V 4N3,Canada,H7N
MADONNOVA ESTH. SPECIALISEE,"1160 BOUL. MARCOTTE, ROBERVAL, QC, G8H 2B6, Canada",1160 BOUL. MARCOTTE,ROBERVAL,QC,G8H 2B6,Canada,H7N
BEAUTIFUL FACE SPA SERVICES,"31 BATH ROAD, BRUNSWICK, ME, 04011, United States",31 BATH ROAD,BRUNSWICK,ME,04011,United States,H7N
BLISS BEAUTY BAR,"1E COMMONS DR UNIT 24, LONDONDERRY, NH, 03053, United States",1E COMMONS DR UNIT 24,LONDONDERRY,NH,03053,United States,H7N
INSTITUT PAULE LAMONTAGNE,"1052 RUE VAUDREUIL, ST-FELICIEN, QC, G8K 1R1, Canada",1052 RUE VAUDREUIL,ST-FELICIEN,QC,G8K 1R1,Canada,H7N
LE GRAIN DE BEAUTE,"1349 RUE HAMEL, ST-FELICIEN, QC, G8K 3J8, Canada",1349 RUE HAMEL,ST-FELICIEN,QC,G8K 3J8,Canada,H7N
EMMANUELLE L ECUYER ESTHETIQUE,"422 RUE SAINT-ETIENNE, LA MALBAIE, QC, G5A 1R5, Canada",422 RUE SAINT-ETIENNE,LA MALBAIE,QC,G5A 1R5,Canada,H7N
SKANEATELES FIELDS RESORT AND,"1000 MOTTVILLE RD, SKANEATELES, NY, 13152, United States",1000 MOTTVILLE RD,SKANEATELES,NY,13152,United States,H7N
THE SKIN AND BODY SPA,"385 E DUNSTABLE Rd, NASHUA, NH, 03062, United States",385 E DUNSTABLE Rd,NASHUA,NH,03062,United States,H7N
CLINIQUE ESTH REVE ET DETENTE,"144 SACRE-COEUR EST, ALMA, QC, G8B 1A5, Canada",144 SACRE-COEUR EST,ALMA,QC,G8B 1A5,Canada,H7N
EXPRESSION ESTHETIQUE ENR,"3936 ST-PIERRE, JONQUIERE, QC, G7X 3E9, Canada",3936 ST-PIERRE,JONQUIERE,QC,G7X 3E9,Canada,H7N
CLINIQUE MEDICO ESTH.BELL-MINE,"2431 RUE SAINT-DOMINIQUE, JONQUIERE, QC, G7X 6L1, Canada",2431 RUE SAINT-DOMINIQUE,JONQUIERE,QC,G7X 6L1,Canada,H7N
AUTHENTIQUE ESTHETIQUE,"1730 BOUL TALBOT, CHICOUTIMI, QC, G7H 7Z3, Canada",1730 BOUL TALBOT,CHICOUTIMI,QC,G7H 7Z3,Canada,H7N
RITUALS SALON AND SPA,"646 CENTRAL ST, LEOMINSTER, MA, 01453, United States",646 CENTRAL ST,LEOMINSTER,MA,01453,United States,H7N
BAIE SUR MER SAGUENAY,"1080 BOUL TALBOT, CHICOUTIMI, QC, G7H 4B6, Canada",1080 BOUL TALBOT,CHICOUTIMI,QC,G7H 4B6,Canada,H7N
POLISHED NAIL & SKIN,"40 PLEASANT ST, NEWBURYPORT, MA, 01950, United States",40 PLEASANT ST,NEWBURYPORT,MA,01950,United States,H7N
VIOLA AESTHETICS AND DAY SPA,"2038 BOSTON RD, WILBRAHAM, MA, 01095, United States",2038 BOSTON RD,WILBRAHAM,MA,01095,United States,H7N
TOVE AND CLOVER AESTHETICS,"225 MAIN ST STE 6, WENHAM, MA, 01984, United States",225 MAIN ST STE 6,WENHAM,MA,01984,United States,H7N
JEFFREY DONALDSON SKIN CARE,"55 DODGE ST N, BEVERLY, MA, 01915, United States",55 DODGE ST N,BEVERLY,MA,01915,United States,H7N
UNIVERS SPA NORDIK,"311 BOUL DE L HOTEL-DE-VILLE, RIVIERE-DU-LOUP, QC, G5R 5S4, Canada",311 BOUL DE L HOTEL-DE-VILLE,RIVIERE-DU-LOUP,QC,G5R 5S4,Canada,H7N
SYLVIA ESTHETIQUE,"145 RUE FRASER, RIVIERE-DU-LOUP, QC, G5R 1C9, Canada",145 RUE FRASER,RIVIERE-DU-LOUP,QC,G5R 1C9,Canada,H7N
THE SPA AT RICHARD FRANCIS,"15 WEST UNION STREET, ASHLAND, MA, 01721, United States",15 WEST UNION STREET,ASHLAND,MA,01721,United States,H7N
INSPIRED ESTHETICS,"40B GROVE STREET, PITTSFORD, NY, 14534, United States",40B GROVE STREET,PITTSFORD,NY,14534,United States,H7N
THE WOODCLIFF HOTEL AND SPA,"199 WOODCLIFF DR, FAIRPORT, NY, 14450, United States",199 WOODCLIFF DR,FAIRPORT,NY,14450,United States,H7N
SHEAR EGO SALON & SPA,"3349 MONROE AVE, LOEHMANNS PLAZA, NY, 14618, United States",3349 MONROE AVE,LOEHMANNS PLAZA,NY,14618,United States,H7N
ELEMENT DAY SPA LLC,"50 HOOD PARK DR, CHARLESTOWN, MA, 02129, United States",50 HOOD PARK DR,CHARLESTOWN,MA,02129,United States,H7N
CHRISTINES DAY SPA,"1280 CENTRE St STE 7, NEWTON, MA, 02459, United States",1280 CENTRE St STE 7,NEWTON,MA,02459,United States,H7N
CENTRE CUTS SALON AND SPA,"6 BELGRADE AVE, ROSLINDALE, MA, 02131, United States",6 BELGRADE AVE,ROSLINDALE,MA,02131,United States,H7N
DAMARA SPA WESTIN,"1 HARBOUR SQ, TORONTO, ON, M5J 1A6, Canada",1 HARBOUR SQ,TORONTO,ON,M5J 1A6,Canada,M5V
STUDIOS VIS-A-VIS,"780 COLLEGE ST., TORONTO, ON, M6G 1C6, Canada",780 COLLEGE ST.,TORONTO,ON,M6G 1C6,Canada,M5V
PAULA STARK,"68 SCOLLARD ST (LOWER LEVEL R, TORONTO, ON, M5R 1G2, Canada",68 SCOLLARD ST (LOWER LEVEL R,TORONTO,ON,M5R 1G2,Canada,M5V
ICI PARIS SKIN CARE CLINIC SPA,"370 DANFORTH AVE., TORONTO, ON, M4K 1N8, Canada",370 DANFORTH AVE.,TORONTO,ON,M4K 1N8,Canada,M5V
CALIFORNIA SUN SPA LIMITED,"2198-A BLOOR ST WEST, TORONTO, ON, M6S 1N4, Canada",2198-A BLOOR ST WEST,TORONTO,ON,M6S 1N4,Canada,M5V
MIDTOWN MED SPA,"567 MOUNTPLEASANT RD, TORONTO, ON, M4S 2M5, Canada",567 MOUNTPLEASANT RD,TORONTO,ON,M4S 2M5,Canada,M5V
CEDARHOUSE SPA,"7-2225 DUNDAS ST E, MISSISSAUGA, ON, L4X 1M3, Canada",7-2225 DUNDAS ST E,MISSISSAUGA,ON,L4X 1M3,Canada,M5V
RAIN SPA SALON,"384 SHEPPARD AVE.E., TORONTO, ON, M2N 3B5, Canada",384 SHEPPARD AVE.E.,TORONTO,ON,M2N 3B5,Canada,M5V
THE HUE WELLNESS,"6257 BATHURST ST, NORTH YORK, ON, M2R 2A5, Canada",6257 BATHURST ST,NORTH YORK,ON,M2R 2A5,Canada,M5V
EUROPEAN TOUCH BEAUTY CENTER,"5027 HURONTARIO STREET #4, MISSISSAUGA, ON, L4Z 3X6, Canada",5027 HURONTARIO STREET #4,MISSISSAUGA,ON,L4Z 3X6,Canada,M5V
SCRUPLES SALON & SPA,"5-7600 WESTON RD, WOODBRIDGE, ON, L4L 8B7, Canada",5-7600 WESTON RD,WOODBRIDGE,ON,L4L 8B7,Canada,M5V
MA NATURAL BEAUTY,"259 TRADERS BLVD EAST UNIT #5, MISSISSAUGA, ON, L4Z 1W7, Canada",259 TRADERS BLVD EAST UNIT #5,MISSISSAUGA,ON,L4Z 1W7,Canada,M5V
REVIVE SKIN CLINIC BOUTIQUE,"7-1834 LAKESHORE RD W, MISSISSAGA, ON, L5J 1J7, Canada",7-1834 LAKESHORE RD W,MISSISSAGA,ON,L5J 1J7,Canada,M5V
MAGDALENA AESTHETICS,"4-3600 ELLESMERE RD, SCARBOROUGH, ON, M1C 4Y8, Canada",4-3600 ELLESMERE RD,SCARBOROUGH,ON,M1C 4Y8,Canada,M5V
FOREVER BELLE BEAUTY SERVICES,"15A-4261 HIGHWAY 7 E, UNIONVILLE, ON, L3R 9W6, Canada",15A-4261 HIGHWAY 7 E,UNIONVILLE,ON,L3R 9W6,Canada,M5V
LA PEAU D OR BEAUTY WELLNESS S,"27 QUEEN ST. S, MISSISSAUGA, ON, L5M 1K2, Canada",27 QUEEN ST. S,MISSISSAUGA,ON,L5M 1K2,Canada,M5V
COMFY WELLENSS CENTER,"63-90 MARITIME ONTARIO BLVD, BRAMPTON, ON, L6S 0E7, Canada",63-90 MARITIME ONTARIO BLVD,BRAMPTON,ON,L6S 0E7,Canada,M5V
MONTERELLA BOUTIQUE & SPA,"C-92 DUNN ST., OAKVILLE, ON, L6J 3C7, Canada",C-92 DUNN ST.,OAKVILLE,ON,L6J 3C7,Canada,M5V
EVERGREEN MEDICAL SPA,"1650 ELGIN MILLS UNIT 208, RICHMOND HILL, ON, L4S 1M5, Canada",1650 ELGIN MILLS UNIT 208,RICHMOND HILL,ON,L4S 1M5,Canada,M5V
PERFECT COMPLEXIONS,"301 QUEEN ST. SOUTH, BOLTON, ON, L7E 2B1, Canada",301 QUEEN ST. SOUTH,BOLTON,ON,L7E 2B1,Canada,M5V
WATERROOTS DAY SPA INC.,"18 KING ST. E. UNIT #M4, BOLTON, ON, L7E 1E8, Canada",18 KING ST. E. UNIT #M4,BOLTON,ON,L7E 1E8,Canada,M5V
HOLISTIC SPA & LASER CLINIC,"3-1801 HARWOOD AVE N., AJAX, ON, L1T 0K8, Canada",3-1801 HARWOOD AVE N.,AJAX,ON,L1T 0K8,Canada,M5V
SENKA SPA & BEAUTY CLINIC,"5409 DUCHESS COURT, BURLINGTON, ON, L7L 6Z4, Canada",5409 DUCHESS COURT,BURLINGTON,ON,L7L 6Z4,Canada,M5V
HIMALAYAN HEALING SALT CAVE &,"3-134 GUELPH ST, GEORGETOWN, ON, L7G 4A5, Canada",3-134 GUELPH ST,GEORGETOWN,ON,L7G 4A5,Canada,M5V
THE FOLLICLE SPA INC.,"UNIT #1 433 GUELPH LINE, BURLINGTON, ON, L7R 3L7, Canada",UNIT #1 433 GUELPH LINE,BURLINGTON,ON,L7R 3L7,Canada,M5V
THE SPA IN THE VILLAGE,"416 PEARL ST LOWER LEVEL, BURLINGTON, ON, L7R 2N1, Canada",416 PEARL ST LOWER LEVEL,BURLINGTON,ON,L7R 2N1,Canada,M5V
SECRET GARDEN SPA PRINCE OF WA,"6 PICTON STREET PO BOX 46, NIAGARA-ON-THE-LAKE, ON, L0S 1J0, Canada",6 PICTON STREET PO BOX 46,NIAGARA-ON-THE-LAKE,ON,L0S 1J0,Canada,M5V
100 FOUNTAIN SPA PILLAR AND PO,"48 JOHN STREET WEST, NIAGARA-ON-THE-LAKE, ON, L0S 1J0, Canada",48 JOHN STREET WEST,NIAGARA-ON-THE-LAKE,ON,L0S 1J0,Canada,M5V
JINGLES,"321 MILLEN RD., STONEY CREEK, ON, L8E 2H3, Canada",321 MILLEN RD.,STONEY CREEK,ON,L8E 2H3,Canada,M5V
LACEY S BODY SUGARING & ESTH.,"279 DUNDAS ST E. UNIT #6, WATERDOWN, ON, L0R 2H0, Canada",279 DUNDAS ST E. UNIT #6,WATERDOWN,ON,L0R 2H0,Canada,M5V
MARGARET S HEALTH & BTY CENTER,"105 NONQUON RD, OSHAWA, ON, L1G 3R8, Canada",105 NONQUON RD,OSHAWA,ON,L1G 3R8,Canada,M5V
SKIN BY KIPP,"59 CHAMPLAIN AVE, HAMILTON, ON, L8G 2H5, Canada",59 CHAMPLAIN AVE,HAMILTON,ON,L8G 2H5,Canada,M5V
SUSANNA S EUROPEAN ESTHETICS,"17 KING ST. E #202, DUNDAS, ON, L9H 1B7, Canada",17 KING ST. E #202,DUNDAS,ON,L9H 1B7,Canada,M5V
SKIN N TONIC,"10 SECOND ST, ORANGEVILLE, ON, L9W 2B5, Canada",10 SECOND ST,ORANGEVILLE,ON,L9W 2B5,Canada,M5V
HOCKLEY VALLEY RESORT,"793522 3RD LINE EHS, MONO, ON, L9W 5X7, Canada",793522 3RD LINE EHS,MONO,ON,L9W 5X7,Canada,M5V
SUNWAVES SPA,"245 ARGYLE ST S, CALEDONIA, ON, N3W 1K7, Canada",245 ARGYLE ST S,CALEDONIA,ON,N3W 1K7,Canada,M5V
REES MEDI AESTHETICS,"116 ARGYLE ST N UNIT 102, CAMBRIDGE, ON, N3H 1P6, Canada",116 ARGYLE ST N UNIT 102,CAMBRIDGE,ON,N3H 1P6,Canada,M5V
SKINSATIONAL,"802-65 CEDAR POINTE DR, BARRIE, ON, L4N 5R7, Canada",802-65 CEDAR POINTE DR,BARRIE,ON,L4N 5R7,Canada,M5V
EXCURIA SALON AND SPA,"5877 MAIN ST UNIT 100, WILLIAMSVILLE, NY, 14221, United States",5877 MAIN ST UNIT 100,WILLIAMSVILLE,NY,14221,United States,M5V
SKIN ESSENTIALS,"12 ALMA STREET SOUTH UNIT #1, HAGERSVILLE, ON, N0A 1H0, Canada",12 ALMA STREET SOUTH UNIT #1,HAGERSVILLE,ON,N0A 1H0,Canada,M5V
EURO REFLECTIONS,"251 HIGHLAND ROAD WEST, KITCHENER, ON, N2M 3C3, Canada",251 HIGHLAND ROAD WEST,KITCHENER,ON,N2M 3C3,Canada,M5V
CAVANA RIDGE INC.,"4260 BURNSIDE LINE, SEVERN, ON, L3V 0W1, Canada",4260 BURNSIDE LINE,SEVERN,ON,L3V 0W1,Canada,M5V
GUSH CHLOE MERKEL,"91 ERIE ST. SOUTH, STRATFORD, ON, N5A 2M4, Canada",91 ERIE ST. SOUTH,STRATFORD,ON,N5A 2M4,Canada,M5V
ESSENTIALS,"2531 MAIN STREET, LONDON, ON, N6P 1R2, Canada",2531 MAIN STREET,LONDON,ON,N6P 1R2,Canada,M5V
BEAUTIFUL IMAGES,"1040 ERIE ST EAST, WINDSOR, ON, N9A 3Z1, Canada",1040 ERIE ST EAST,WINDSOR,ON,N9A 3Z1,Canada,M5V
EURO SKIN CARE BOUTIQUE,"442 BOUCHARD ST., SUDBURY, ON, P3E 2K9, Canada",442 BOUCHARD ST.,SUDBURY,ON,P3E 2K9,Canada,M5V
INSTITUT DE BEAUTE LORRAINE,"7B RUE DES OBLATS N, VILLE-MARIE, QC, J9V 1H9, Canada",7B RUE DES OBLATS N,VILLE-MARIE,QC,J9V 1H9,Canada,M5V
CARLY S ESTH./RIVERFRONT CHIRO,"51 MURRAY ST., NEW LISKEARD, ON, P0J 1P0, Canada",51 MURRAY ST.,NEW LISKEARD,ON,P0J 1P0,Canada,M5V
REFINED SKIN AND ACNE CLINIC,"134 E MAIN ST, LEIPSIC, OH, 45856, United States",134 E MAIN ST,LEIPSIC,OH,45856,United States,M5V
SPA AT GLENMERE MANSION,"634 PINE HILL RD, CHESTER, NY, 10918, United States",634 PINE HILL RD,CHESTER,NY,10918,United States,M5V
PIERIS DAY SPA,"116 QUARRY RD, COATESVILLE, PA, 19320, United States",116 QUARRY RD,COATESVILLE,PA,19320,United States,M5V
BEAUTY COMPLETE,"370 ALBERT ST E, SAULT STE MARIE, ON, P6A 2J6, Canada",370 ALBERT ST E,SAULT STE MARIE,ON,P6A 2J6,Canada,M5V
RAPUNZELS SALON AND DAY SPA,"1959 WEST POINT PIKE, LANSDALE, PA, 19446, United States",1959 WEST POINT PIKE,LANSDALE,PA,19446,United States,M5V
SPA REJUV,"59 MINE BROOK RD, BERNARDSVILLE, NJ, 07924, United States",59 MINE BROOK RD,BERNARDSVILLE,NJ,07924,United States,M5V
CLINIQUE BELLA DONNA,"700 3e AVENUE, VAL-D OR, QC, J9P 1S5, Canada",700 3e AVENUE,VAL-D OR,QC,J9P 1S5,Canada,M5V
ESPACE MATHILDE,"1426 RUE DE LA QUEBECOISE, VAL-D OR, QC, J9P 5H4, Canada",1426 RUE DE LA QUEBECOISE,VAL-D OR,QC,J9P 5H4,Canada,M5V
ABOUT FACES DAY SPA-TIMONIUM,"110 WEST TIMONIUM RD, TIMONIUM, MD, 21093, United States",110 WEST TIMONIUM RD,TIMONIUM,MD,21093,United States,M5V
HAUS OF HUDSON,"140 N BOND ST STE B, BEL AIR, MD, 21014, United States",140 N BOND ST STE B,BEL AIR,MD,21014,United States,M5V
ABOUT FACES DAY SPA - PIKESVIL,"1809 REISTERSTOWN RD #116, PIKESVILLE, MD, 21208, United States",1809 REISTERSTOWN RD #116,PIKESVILLE,MD,21208,United States,M5V
ABOUT FACES DAY SPA-TOWSON,"894 KENILWORTH DR., TOWSON, MD, 21204, United States",894 KENILWORTH DR.,TOWSON,MD,21204,United States,M5V
RIDGEWOOD DAY SPA,"44 FRANKLIN AVE STE 2, RIDGEWOOD, NJ, 07450, United States",44 FRANKLIN AVE STE 2,RIDGEWOOD,NJ,07450,United States,M5V
SKIN THERAPY CENTER,"9055 CHEVROLET DR STE 202, ELLICOTT CITY, MD, 21042, United States",9055 CHEVROLET DR STE 202,ELLICOTT CITY,MD,21042,United States,M5V
THE WEST GLAM,"281 SOUTH AVE E, WESTFIELD, NJ, 07090, United States",281 SOUTH AVE E,WESTFIELD,NJ,07090,United States,M5V
ALCHEMY MIND & BODY,"4451 ROUTE 27, PRINCETON, NJ, 08540, United States",4451 ROUTE 27,PRINCETON,NJ,08540,United States,M5V
ISLAND SPA & SAUNA,"1769 ROUTE 27, EDISON, NJ, 08817, United States",1769 ROUTE 27,EDISON,NJ,08817,United States,M5V
SERENITY S.C. & BODY WELLNESS,"7 GRAND AVE, ENGLEWOOD, NJ, 07631, United States",7 GRAND AVE,ENGLEWOOD,NJ,07631,United States,M5V
OASIS DAY SPA,"50 LIVINGSTONE AVENUE, DOBBS FERRY, NY, 10522, United States",50 LIVINGSTONE AVENUE,DOBBS FERRY,NY,10522,United States,M5V
REBALANCE MASSAGE CLINIC,"577 CRANBURY RD STE C3, EAST BRUNSWICK, NJ, 08816, United States",577 CRANBURY RD STE C3,EAST BRUNSWICK,NJ,08816,United States,M5V
EUROPEAN DAY SPA,"411 BROADWAY, BAYONNE, NJ, 07002, United States",411 BROADWAY,BAYONNE,NJ,07002,United States,M5V
EUROPEAN LUXURY DAY SPA,"508 MAMARONECK AVE, WHITE PLAINS, NY, 10605, United States",508 MAMARONECK AVE,WHITE PLAINS,NY,10605,United States,M5V
SKIN PEACE BY JOSIE B,"37 W 26TH ST # 832, NEW YORK, NY, 10010, United States",37 W 26TH ST # 832,NEW YORK,NY,10010,United States,M5V
SKIN AND WELLNESS CENTRE,"929 W BROAD ST STE 101, FALLS CHURCH, VA, 22046, United States",929 W BROAD ST STE 101,FALLS CHURCH,VA,22046,United States,M5V
THE WORLD SPA LLC,"1579 MCDONALD AVE, BROOKLYN, NY, 11230, United States",1579 MCDONALD AVE,BROOKLYN,NY,11230,United States,M5V
HART ESTHETICS,"163 PINE ST S, TIMMINS, ON, P4N 2K3, Canada",163 PINE ST S,TIMMINS,ON,P4N 2K3,Canada,M5V
OCEAN PLACE SPA RESORT,"1 OCEAN BLVD, LONG BRANCH, NJ, 07740, United States",1 OCEAN BLVD,LONG BRANCH,NJ,07740,United States,M5V
COCO MAN & WOMAN ESTHETICS,"2030 33 AVE SW, CALGARY, AB, T2S 1X2, Canada",2030 33 AVE SW,CALGARY,AB,T2S 1X2,Canada,T2P
BROOKS MEDISPA,"303 2ST WEST, Brooks, AB, T1R 0E8, Canada",303 2ST WEST,Brooks,AB,T1R 0E8,Canada,T2P
LIME HEALTH & BEAUTY,"74 MAURETANIA RD W #2115, LETHBRIDGE, AB, T1J 5L4, Canada",74 MAURETANIA RD W #2115,LETHBRIDGE,AB,T1J 5L4,Canada,T2P
HEALING WATERS SPA,"200-6603 99 ST NW, EDMONTON, AB, T6E 3P7, Canada",200-6603 99 ST NW,EDMONTON,AB,T6E 3P7,Canada,T2P
ADVANCED SKIN CARE CLINIC,"7516 GATEWAY BLVD NW, Edmonton, AB, T6E 6E8, Canada",7516 GATEWAY BLVD NW,Edmonton,AB,T6E 6E8,Canada,T2P
THE SPA AT LIFE STILES,"10314-124 STREET, Edmonton, AB, T5N 1R2, Canada",10314-124 STREET,Edmonton,AB,T5N 1R2,Canada,T2P
JW MARRIOTT EDMONTON ICE DISTR,"10344 102 ST NW, EDMONTON, AB, T5J 0K9, Canada",10344 102 ST NW,EDMONTON,AB,T5J 0K9,Canada,T2P
PEAR BEAUTY LTD,"4 GILLINGHAM CRES, SHERWOOD PARK, AB, T8A 2X6, Canada",4 GILLINGHAM CRES,SHERWOOD PARK,AB,T8A 2X6,Canada,T2P
WELLNESS WITHIN,"101 RIEL DR, ST-ALBERT, AB, T8N 3X4, Canada",101 RIEL DR,ST-ALBERT,AB,T8N 3X4,Canada,T2P
DALYN SJOGREN / DAYDREAMS SPA,"2526 OTTER LAKE RD, SPALLUMCHEEN, BC, V4Y 0N2, Canada",2526 OTTER LAKE RD,SPALLUMCHEEN,BC,V4Y 0N2,Canada,T2P
C.D. BAKALA M.D. INC,"204-3330 RICHTER ST, KELOWNA, BC, V1W 4V5, Canada",204-3330 RICHTER ST,KELOWNA,BC,V1W 4V5,Canada,T2P
SENDERO HEALTH & BEAUTY INC,"1826 BYLAND RD, WEST KELOWNA, BC, V1Z 1A9, Canada",1826 BYLAND RD,WEST KELOWNA,BC,V1Z 1A9,Canada,T2P
MICHELLE BROW AND SKIN,"2707 SALISH RD, WEST KELOWNA, BC, V4T 1M8, Canada",2707 SALISH RD,WEST KELOWNA,BC,V4T 1M8,Canada,T2P
BEAUTIFUL U DESIGN INC.,"775 SEYMOUR ST, KAMLOOPS, BC, V2C 2H4, Canada",775 SEYMOUR ST,KAMLOOPS,BC,V2C 2H4,Canada,T2P
KELLY S ESTHETIC CARE,"1038 NORVIEW RD, KAMLOOPS, BC, V2B 8M1, Canada",1038 NORVIEW RD,KAMLOOPS,BC,V2B 8M1,Canada,T2P
ADVANCED MEDICAL AESTHETIC INC,"B-1431 JADE ST, QUESNEL, BC, V2J 4L2, Canada",B-1431 JADE ST,QUESNEL,BC,V2J 4L2,Canada,T2P
LOTUS DAY SPA,"106 - 8814 216 ST, LANGLEY, BC, V1M 2Z9, Canada",106 - 8814 216 ST,LANGLEY,BC,V1M 2Z9,Canada,T2P
SALU SKIN AND LASER,"111-12409 HARRIS RD, PITT MEADOWS, BC, V3Y 0E7, Canada",111-12409 HARRIS RD,PITT MEADOWS,BC,V3Y 0E7,Canada,T2P
MICHAUDS SALON SPA WELLNESS,"5669 176 STREET, SURREY, BC, V3S 4C5, Canada",5669 176 STREET,SURREY,BC,V3S 4C5,Canada,T2P
PARIS STUDIO,"#1-129A 9855 AUSTIN, BURNABY, BC, V3J 1N4, Canada",#1-129A 9855 AUSTIN,BURNABY,BC,V3J 1N4,Canada,T2P
RITUAL SALON SPA & BROW BAR,"2226-4580 BRENTWOOD BLVD, BURNABY, BC, V5C 0K3, Canada",2226-4580 BRENTWOOD BLVD,BURNABY,BC,V5C 0K3,Canada,T2P
BLUME DAY SPA,"300-12761 16 AVE, SURREY, BC, V4A 1N2, Canada",300-12761 16 AVE,SURREY,BC,V4A 1N2,Canada,T2P
SPECIAL BEAUTY PARLOR & DAY SP,"770 BRUNSWICK ST, PRINCE GEORGE, BC, V2L 2C2, Canada",770 BRUNSWICK ST,PRINCE GEORGE,BC,V2L 2C2,Canada,T2P
SHIFEON ENTERPRISES LTD,"1291 ROBSON STREET, VANCOUVER, BC, V6E 1C2, Canada",1291 ROBSON STREET,VANCOUVER,BC,V6E 1C2,Canada,T2P
DR. SHADAN KABIRI,"1065 24TH STREET, WEST VANCOUVER, BC, V7V 4H1, Canada",1065 24TH STREET,WEST VANCOUVER,BC,V7V 4H1,Canada,T2P
LA CACHETTE SPA,"140-4800 NO. 3 RD, RICHMOND, BC, V6X 3A6, Canada",140-4800 NO. 3 RD,RICHMOND,BC,V6X 3A6,Canada,T2P
BETTER STILL DAY SPA INC,"301-5027 47A AVENUE, DELTA, BC, V4K 1T9, Canada",301-5027 47A AVENUE,DELTA,BC,V4K 1T9,Canada,T2P
ATLANTIS HEALTH & BTY DAY SPA,"#301 1777 56th STREET, DELTA, BC, V4L 0A6, Canada",#301 1777 56th STREET,DELTA,BC,V4L 0A6,Canada,T2P
RAINTREE WELLNESS SPA,"125-13020 NO. 2 RD, RICHMOND, BC, V7E 6S3, Canada",125-13020 NO. 2 RD,RICHMOND,BC,V7E 6S3,Canada,T2P
MODERN MEDAESTHETICS,"103-6033 LONDON RD, RICHMOND, BC, V7E 0A7, Canada",103-6033 LONDON RD,RICHMOND,BC,V7E 0A7,Canada,T2P
THE BETTER SKIN SPA,"1750 112TH AVE NE STE C102, BELLEVUE, WA, 98004, United States",1750 112TH AVE NE STE C102,BELLEVUE,WA,98004,United States,T2P
CREEKSIDE SALON & SPA,"4785 WHITAKER RD, SECHELT, BC, V7Z 0G3, Canada",4785 WHITAKER RD,SECHELT,BC,V7Z 0G3,Canada,T2P
SKIN BY ANGELA,"11-2510 BEVAN AVE, SIDNEY, BC, V8L 1W3, Canada",11-2510 BEVAN AVE,SIDNEY,BC,V8L 1W3,Canada,T2P
RENAISSANCE SPA & WELLNESS CTR,"8504 REDROOFFS RD, HALFMOON BAY, BC, V7Z 1A9, Canada",8504 REDROOFFS RD,HALFMOON BAY,BC,V7Z 1A9,Canada,T2P
BLISS BOUTIQUE SPA,"2569 PENRHYN, VICTORIA, BC, V8N 1G2, Canada",2569 PENRHYN,VICTORIA,BC,V8N 1G2,Canada,T2P
PURE DAY SPA,"121-5325 CORDOVA BAY RD, VICTORIA, BC, V8Y 2L3, Canada",121-5325 CORDOVA BAY RD,VICTORIA,BC,V8Y 2L3,Canada,T2P
AMATISTA SPA AT BEAR MOUNTAIN,"1999 COUNTRY CLUB WAY, LANGFORD, BC, V9B 6R3, Canada",1999 COUNTRY CLUB WAY,LANGFORD,BC,V9B 6R3,Canada,T2P
BREZE SALON & DAY SPA,"10-3200 ISLAND HWY N, NANAIMO, BC, V9T 1W1, Canada",10-3200 ISLAND HWY N,NANAIMO,BC,V9T 1W1,Canada,T2P
ESTHETICS BY KATHERINE,"5818 BROOKWOOD DRIVE, NANAIMO, BC, V9T 6J5, Canada",5818 BROOKWOOD DRIVE,NANAIMO,BC,V9T 6J5,Canada,T2P
LONESTAR SALON & SPA,"111 TUMWATER BLVD SE STE 216, TUMWATER, WA, 98501, United States",111 TUMWATER BLVD SE STE 216,TUMWATER,WA,98501,United States,T2P
Vs SKINCARE AND LASER,"12 N ECHOHAWK LN STE 103, EAGLE, ID, 83616, United States",12 N ECHOHAWK LN STE 103,EAGLE,ID,83616,United States,T2P
Vs SKIN CARE AND LASER,"4102 W SPRING HOUSE DR, EAGLE, ID, 83616, United States",4102 W SPRING HOUSE DR,EAGLE,ID,83616,United States,T2P
MIDORI LASHES & SKIN CARE,"4839 NE ML KING BLV STE 202, PORTLAND, OR, 97211, United States",4839 NE ML KING BLV STE 202,PORTLAND,OR,97211,United States,T2P
EDWARD CARRIERE,"162 SPENCE ST., WINNIPEG, MB, R3C 1Y3, Canada",162 SPENCE ST.,WINNIPEG,MB,R3C 1Y3,Canada,T2P
D ORIENT SPA,"7-483 RANGE LAKE RD, YELLOWKNIFE, NT, X1A 3R9, Canada",7-483 RANGE LAKE RD,YELLOWKNIFE,NT,X1A 3R9,Canada,T2P
PEPPERMILL HOTEL CASINO,"2707 S VIRGINIA ST, RENO, NV, 89502, United States",2707 S VIRGINIA ST,RENO,NV,89502,United States,T2P
LEAH NICKIE,"3014 BLUFF ST STE 201, BOULDER, CO, 80301, United States",3014 BLUFF ST STE 201,BOULDER,CO,80301,United States,T2P
ALLUVIA SPA,"3225 BROADMOOR VALLEY RD, COLORADO SPRINGS, CO, 80906, United States",3225 BROADMOOR VALLEY RD,COLORADO SPRINGS,CO,80906,United States,T2P
AMINA SPA AT SAHARA LAS VEGAS,"2535 LAS VEGAS BLVD SOUTH, LAS VEGAS, NV, 89109, United States",2535 LAS VEGAS BLVD SOUTH,LAS VEGAS,NV,89109,United States,T2P
WALDORF ASTORIA LAS VEGAS,"3752 LAS VEGAS BLVD S, LAS VEGAS, NV, 89158, United States",3752 LAS VEGAS BLVD S,LAS VEGAS,NV,89158,United States,T2P
LA MIRAGE ESTHETICS (539353 ON,"91CUMBERLAND ST.S.#205, THUNDER BAY, ON, P7B 6A7, Canada",91CUMBERLAND ST.S.#205,THUNDER BAY,ON,P7B 6A7,Canada,T2P
AKO AESTHETICS,"1039 FOOTHILL BLVD SUITE B, LA CANADA FLINTRIDGE, CA, 91011, United States",1039 FOOTHILL BLVD SUITE B,LA CANADA FLINTRIDGE,CA,91011,United States,T2P
BEAUTI 101,"1401 MISSION St UNIT 101, SOUTH PASADENA, CA, 91030, United States",1401 MISSION St UNIT 101,SOUTH PASADENA,CA,91030,United States,T2P
THE SPA AT SEC-HE,"200 E TAHQUITZ CANYON WAY, PALM SPRINGS, CA, 92262, United States",200 E TAHQUITZ CANYON WAY,PALM SPRINGS,CA,92262,United States,T2P
AGUA CALIENTE CASINO,"32250 BOB HOPE Dr, RANCHO MIRAGE, CA, 92270, United States",32250 BOB HOPE Dr,RANCHO MIRAGE,CA,92270,United States,T2P
JW MARRIOTT DESERT SPRING,"74855 COUNTRY CLUB DR, PALM DESERT, CA, 92260, United States",74855 COUNTRY CLUB DR,PALM DESERT,CA,92260,United States,T2P
OCEREN SKINCARE,"12581 NEWPORT AVE STE B, TUSTIN, CA, 92780, United States",12581 NEWPORT AVE STE B,TUSTIN,CA,92780,United States,T2P
SANCTUARY CAMELBACK MOUNTAIN,"5700 E MCDONALD DR, PARADISE VALLEY, AZ, 85253, United States",5700 E MCDONALD DR,PARADISE VALLEY,AZ,85253,United States,T2P
HOTEL VALLEY HO,"6850 E MAIN ST, SCOTTSDALE, AZ, 85251, United States",6850 E MAIN ST,SCOTTSDALE,AZ,85251,United States,T2P
SPA DEL RIO,"384 FOREST AVE STE 27, LAGUNA BEACH, CA, 92651, United States",384 FOREST AVE STE 27,LAGUNA BEACH,CA,92651,United States,T2P
PECHANGA RESORT & CASINO,"45000 PECHANGA PKWY, TEMECULA, CA, 92592, United States",45000 PECHANGA PKWY,TEMECULA,CA,92592,United States,T2P
HEAD CASE KC LLC,"105 E 5TH ST # 100, KANSAS CITY, MO, 64106, United States",105 E 5TH ST # 100,KANSAS CITY,MO,64106,United States,T2P
MIDWEST ANTI-AGING,"9233 WARD PKWY STE 115, KANSAS CITY, MO, 64114, United States",9233 WARD PKWY STE 115,KANSAS CITY,MO,64114,United States,T2P
CATAMARAN SPA,"3999 MISSION BLVD, SAN DIEGO, CA, 92109, United States",3999 MISSION BLVD,SAN DIEGO,CA,92109,United States,T2P
JAMUL SPA,"14145 CAMPO RD, JAMUL, CA, 91935, United States",14145 CAMPO RD,JAMUL,CA,91935,United States,T2P
HYDE-EDWARDS SALON & SPA,"2308-A KETTNER BLVD, SAN DIEGO, CA, 92101, United States",2308-A KETTNER BLVD,SAN DIEGO,CA,92101,United States,T2P
ELIZABETH TREJO SKINCARE,"4720 POINT LOMA AVE, SAN DIEGO, CA, 92107, United States",4720 POINT LOMA AVE,SAN DIEGO,CA,92107,United States,T2P
SUPERIOR SKIN & BEAUTY,"4610 UTICA RIDGE RD, DAVENPORT, IA, 52807, United States",4610 UTICA RIDGE RD,DAVENPORT,IA,52807,United States,T2P
LA PALOMA SPA,"3666 E SUNRISE DR, TUCSON, AZ, 85718, United States",3666 E SUNRISE DR,TUCSON,AZ,85718,United States,T2P
WENDY S BEAUTY LOFT,"17-B 9TH STREET, HEARST, ON, P0L 1N0, Canada",17-B 9TH STREET,HEARST,ON,P0L 1N0,Canada,T2P
THE SPA AT SALON ON STATE,"1797 W STATE ST STE B, GENEVA, IL, 60134, United States",1797 W STATE ST STE B,GENEVA,IL,60134,United States,T2P
LORA LISSERMAN,"754 JUDSON AVE, HIGHLAND PARK, IL, 60035, United States",754 JUDSON AVE,HIGHLAND PARK,IL,60035,United States,T2P
GRAFIN BEAUTY,"1909 MEYERS ROAD STE 123, OAKBROOK TERRACE, IL, 60181, United States",1909 MEYERS ROAD STE 123,OAKBROOK TERRACE,IL,60181,United States,T2P
SALON FUSION,"108 SKOKIE BLVD, WILMETTE, IL, 60091, United States",108 SKOKIE BLVD,WILMETTE,IL,60091,United States,T2P
TRES JOLIE MEDICAL SPA,"901 W 18TH STREET, CHICAGO, IL, 60608, United States",901 W 18TH STREET,CHICAGO,IL,60608,United States,T2P
FACE AND BODY SPA,"2515 S BRENTWOOD BLVD, BRENTWOOD, MO, 63144, United States",2515 S BRENTWOOD BLVD,BRENTWOOD,MO,63144,United States,T2P
CHRISTINA & CO.,"3801 SOUTH ST, COLBURN, IN, 47905, United States",3801 SOUTH ST,COLBURN,IN,47905,United States,T2P
STONEBRIAR SPA,"1221 LEGACY DR, FRISCO, TX, 75034, United States",1221 LEGACY DR,FRISCO,TX,75034,United States,T2P
EUROPEAN SKINCARE & MED SPA,"6038 CAMP BOWIE BLVD, FORT WORTH, TX, 76116, United States",6038 CAMP BOWIE BLVD,FORT WORTH,TX,76116,United States,T2P
SANFORD SPA AND SALON,"501 N CENTER ST, ARLINGTON, TX, 76011, United States",501 N CENTER ST,ARLINGTON,TX,76011,United States,T2P
HOTEL CRESCENT COURT,"400 CRESCENT CT, DALLAS, TX, 75201, United States",400 CRESCENT CT,DALLAS,TX,75201,United States,T2P
SPA ADOLPHUS/ADOLPHUS HOTEL,"1321 COMMERCE STREET, DALLAS, TX, 75202, United States",1321 COMMERCE STREET,DALLAS,TX,75202,United States,T2P
AVANTE SALON & DAY SPA,"1223 E DEBBIE LANE, MANSFIELD, TX, 76063, United States",1223 E DEBBIE LANE,MANSFIELD,TX,76063,United States,T2P
BONTE SPA LLC,"625 HIGH ST, COMFORT, TX, 78013, United States",625 HIGH ST,COMFORT,TX,78013,United States,T2P
CRAIG PIATTI SALON,"5222 BURNETT RD SUITE #300, AUSTIN, TX, 78756, United States",5222 BURNETT RD SUITE #300,AUSTIN,TX,78756,United States,T2P
LOVE AND ROOTS,"1317 ROSEWOOD AVE, AUSTIN, TX, 78702, United States",1317 ROSEWOOD AVE,AUSTIN,TX,78702,United States,T2P
HYATT REGENCY HILL COUNTRY,"9800 HYATT RESORT DR, SAN ANTONIO, TX, 78251, United States",9800 HYATT RESORT DR,SAN ANTONIO,TX,78251,United States,T2P
RELACHE SPA,"2800 OPRYLAND DR, NASHVILLE, TN, 37214, United States",2800 OPRYLAND DR,NASHVILLE,TN,37214,United States,T2P
E AND A ANTI AGING SPA,"26717 WESTHEIMER PKWY STE 901, KATY, TX, 77494, United States",26717 WESTHEIMER PKWY STE 901,KATY,TX,77494,United States,T2P
LUMBERTON MEDSPA,"156 S MAIN ST STE 120, LUMBERTON, TX, 77657, United States",156 S MAIN ST STE 120,LUMBERTON,TX,77657,United States,T2P
SALON U,"2824 LINDEN AVE, HOMEWOOD, AL, 35209, United States",2824 LINDEN AVE,HOMEWOOD,AL,35209,United States,T2P
AMY S SKIN CARE OASIS,"2104 MACY DRIVE, ROSWELL, GA, 30076, United States",2104 MACY DRIVE,ROSWELL,GA,30076,United States,V6B
WINDCREEK SPA,"303 POARCH RD, ATMORE, AL, 36502, United States",303 POARCH RD,ATMORE,AL,36502,United States,V6B
MUSE SALON AND SPA,"11705 MEDLOCK BRIDGE RD, DULUTH, GA, 30097, United States",11705 MEDLOCK BRIDGE RD,DULUTH,GA,30097,United States,V6B
GRAND HOTEL GOLF RESORT & SPA,"ONE GRAND BLVD, POINT CLEAR, AL, 36564, United States",ONE GRAND BLVD,POINT CLEAR,AL,36564,United States,V6B
THE SUMMIT S.C. & HAIR REMOVAL,"5495 SPRING GARDEN ROAD, HALIFAX, NS, B3J 1G2, Canada",5495 SPRING GARDEN ROAD,HALIFAX,NS,B3J 1G2,Canada,B3H
INTERLUDE SPA HALIFAX,"150-1715 LOWER WATER ST., HALIFAX, NS, B3J 0J4, Canada",150-1715 LOWER WATER ST.,HALIFAX,NS,B3J 0J4,Canada,B3H
EYE CANDY ESTHETICS,"6389 LIVERPOOL ST, HALIFAX, NS, B3L 1Y1, Canada",6389 LIVERPOOL ST,HALIFAX,NS,B3L 1Y1,Canada,B3H
INTERLUDE THE,"58 OCHTERLONEY ST., DARTMOUTH, NS, B2Y 1C2, Canada",58 OCHTERLONEY ST.,DARTMOUTH,NS,B2Y 1C2,Canada,B3H
NAMASTE SPA,"31 BOTSFORD ST, MONCTON, NB, E1C 4W8, Canada",31 BOTSFORD ST,MONCTON,NB,E1C 4W8,Canada,B3H
MONA SALON D ESTHETIQUE,"257 RUE DUMAS, CARAQUET, NB, E1W 1A4, Canada",257 RUE DUMAS,CARAQUET,NB,E1W 1A4,Canada,B3H
ESTHETIQUE CENTRE-VILLE,"17A RUE ADAMS, GASPE, QC, G4X 1E5, Canada",17A RUE ADAMS,GASPE,QC,G4X 1E5,Canada,B3H
BEAUTE EPILATION K.LACHANCE,"1220 12e RUE O, DEGELIS, QC, G5T 0C2, Canada",1220 12e RUE O,DEGELIS,QC,G5T 0C2,Canada,B3H
FLEUR DE PEAU ENR.,"471 PRINCIPALE, DEGELIS, QC, G5T 1L6, Canada",471 PRINCIPALE,DEGELIS,QC,G5T 1L6,Canada,B3H
FLORILEGE ESTHETIQUE,"2366 RUE COMMERCIALE SUD, TEMISCOUATA-SUR-LE-LAC, QC, G0L 1X0, Canada",2366 RUE COMMERCIALE SUD,TEMISCOUATA-SUR-LE-LAC,QC,G0L 1X0,Canada,B3H
NADINE ESTHETIQUE,"616 RUE COMMERCIALE NORD, TEMISCOUATA-SUR-LE-LAC, QC, G0L 1E0, Canada",616 RUE COMMERCIALE NORD,TEMISCOUATA-SUR-LE-LAC,QC,G0L 1E0,Canada,B3H
CTR SANTE L ENERGIE DU FLEUVE,"577 RUE TESSIER, RIMOUSKI, QC, G5L 4M2, Canada",577 RUE TESSIER,RIMOUSKI,QC,G5L 4M2,Canada,B3H
ESTHETIQUE LYSANDRE,"402-30 RUE DE L EVECHE E, RIMOUSKI, QC, G5L 1X6, Canada",402-30 RUE DE L EVECHE E,RIMOUSKI,QC,G5L 1X6,Canada,B3H
BOUTIQUE ET INSTITUT SUBLIME D,"287 RTE 138, LES ESCOUMINS, QC, G0T 1K0, Canada",287 RTE 138,LES ESCOUMINS,QC,G0T 1K0,Canada,B3H
VICKY VEILLEUX ESTHETIQUE,"317 BLVD LASALLE, BAIE-COMEAU, QC, G4Z 2L5, Canada",317 BLVD LASALLE,BAIE-COMEAU,QC,G4Z 2L5,Canada,B3H
ARMAND SALON SPA,"186 SUMMER ST, KINGSTON, MA, 02364, United States",186 SUMMER ST,KINGSTON,MA,02364,United States,B3H
ESSENTIAL ADVANCED SKIN CARE,"358 WASHINGTON St STE 101, DEDHAM, MA, 02026, United States",358 WASHINGTON St STE 101,DEDHAM,MA,02026,United States,B3H
18/8 FINE MEN S SALON,"143 UNIVERSITY AVE, WESTWOOD, MA, 02090, United States",143 UNIVERSITY AVE,WESTWOOD,MA,02090,United States,B3H
ALL ABOUT YOU SALON DAY SPA,"119 B GREEN ST, FOXBORO, MA, 02035, United States",119 B GREEN ST,FOXBORO,MA,02035,United States,B3H
M AESTHETICS,"8 CHAMPION TER, NORTH DARTMOUTH, MA, 02747, United States",8 CHAMPION TER,NORTH DARTMOUTH,MA,02747,United States,B3H
BLUXE HAIR AND MAKEUP STUDIO,"165 MAIN ST STE 101, MEDWAY, MA, 02053, United States",165 MAIN ST STE 101,MEDWAY,MA,02053,United States,B3H
ARCHBEAUTY,"333 VALLEY ROAD STE 3, MIDDLETOWN, RI, 02842, United States",333 VALLEY ROAD STE 3,MIDDLETOWN,RI,02842,United States,B3H
THE SPA AT NEWPORT MARRIOTT,"25 AMERICAS CUP AVE, NEWPORT, RI, 02840, United States",25 AMERICAS CUP AVE,NEWPORT,RI,02840,United States,B3H
INSPIRE MEDICAL SPA,"14 WOODRUFF AVE STE 10, NARRAGANSETT, RI, 02882, United States",14 WOODRUFF AVE STE 10,NARRAGANSETT,RI,02882,United States,B3H
THE INN AT EAST WIND LLC,"5720 ROUTE 25A, WADING RIVER, NY, 11792, United States",5720 ROUTE 25A,WADING RIVER,NY,11792,United States,B3H
ROSEWOOD BEAUTY CLINIC INC.,"115 CAVENDISH SQ., ST-JOHN S, NL, A1C 3K2, Canada",115 CAVENDISH SQ.,ST-JOHN S,NL,A1C 3K2,Canada,B3H
BLUE HAVEN SPA,"1982 SE FEDERAL HWY STE 12, STUART, FL, 34994, United States",1982 SE FEDERAL HWY STE 12,STUART,FL,34994,United States,A1A
THE RITZ CARLTON SPA ORLANDO,"4024 CENTRAL FLORIDA PKWY, ORLANDO, FL, 32837, United States",4024 CENTRAL FLORIDA PKWY,ORLANDO,FL,32837,United States,A1A
DERMI WAX CENTER,"7633 CONROY WINDERMERE RD, ORLANDO, FL, 32835, United States",7633 CONROY WINDERMERE RD,ORLANDO,FL,32835,United States,A1A
THE POLO CLUB OF BOCA RATON,"5400 CHAMPION BLVD, BOCA RATON, FL, 33496, United States",5400 CHAMPION BLVD,BOCA RATON,FL,33496,United States,A1A
PARKLAND GOLF COUNTRY CLUB FON,"10001 OLD CLUB RD, PARKLAND, FL, 33076, United States",10001 OLD CLUB RD,PARKLAND,FL,33076,United States,A1A
BODY AND SOUL DAY SPA,"2024 E SAMPLE RD, LIGHTHOUSE POINT, FL, 33064, United States",2024 E SAMPLE RD,LIGHTHOUSE POINT,FL,33064,United States,A1A
SANA SKIN STUDIO,"807 NE 2ND AVE STE 320, FORT LAUDERDALE, FL, 33304, United States",807 NE 2ND AVE STE 320,FORT LAUDERDALE,FL,33304,United States,A1A
WESTIN BEACH RESORT,"321 N. FORT LAUDERDALE BEACH, FORT LAUDERDALE, FL, 33304, United States",321 N. FORT LAUDERDALE BEACH,FORT LAUDERDALE,FL,33304,United States,A1A
ROCK SPA,"1 SEMINOLE WAY, FORT LAUDERDALE, FL, 33314, United States",1 SEMINOLE WAY,FORT LAUDERDALE,FL,33314,United States,A1A
KOQUINA SAND SPA,"12931 MALACHITE DR., LAKEWOOD RANCH, FL, 34211, United States",12931 MALACHITE DR.,LAKEWOOD RANCH,FL,34211,United States,A1A
SPADA SALON & DAY SPA,"13161 MCGREGOR BLVD, FORT MYERS, FL, 33919, United States",13161 MCGREGOR BLVD,FORT MYERS,FL,33919,United States,A1A
THE OAKS CLUB,"301 MACEWEN DR, OSPREY, FL, 34229, United States",301 MACEWEN DR,OSPREY,FL,34229,United States,A1A
PRAHA SPA AND SALT,"4962 TAMIAMI TRL N, NAPLES, FL, 34103, United States",4962 TAMIAMI TRL N,NAPLES,FL,34103,United States,A1A
SPA OF AWAKENING,"2500 TAMIAMI TRL N STE 109, NAPLES, FL, 34103, United States",2500 TAMIAMI TRL N STE 109,NAPLES,FL,34103,United States,A1A
SPA AT PONTE VEDRA INN & CLUB,"302 PONTE VEDRA BLVD, PONTE VEDRA, FL, 32082, United States",302 PONTE VEDRA BLVD,PONTE VEDRA,FL,32082,United States,A1A
SOPHIA AVERA SALON & SPA,"1850 3RD ST S, JACKSONVILLE BEACH, FL, 32250, United States",1850 3RD ST S,JACKSONVILLE BEACH,FL,32250,United States,A1A
CINZIA SPA,"719 N BEACH BLVD UNIT 4, NORTH MYRTLE BEACH, SC, 29582, United States",719 N BEACH BLVD UNIT 4,NORTH MYRTLE BEACH,SC,29582,United States,A1A
LE PETIT SPA,"12105 COPPERWAY STE 202, CHARLOTTE, NC, 28277, United States",12105 COPPERWAY STE 202,CHARLOTTE,NC,28277,United States,A1A
TBH SKINCARE SPA,"124 MATTHEWS INDIAN TRAIL RD, INDIAN TRAIL, NC, 28079, United States",124 MATTHEWS INDIAN TRAIL RD,INDIAN TRAIL,NC,28079,United States,A1A
THE RITZ CARLTON CHARLOTTE,"201 E TRADE ST, CHARLOTTE, NC, 28202, United States",201 E TRADE ST,CHARLOTTE,NC,28202,United States,A1A
ABOUT FACES DAY SPA-SALISBURY,"211 NORTH BLVD, SALISBURY, MD, 21801, United States",211 NORTH BLVD,SALISBURY,MD,21801,United States,A1A
SPA TOCCARE/BORGATA HOTEL,"1 BORGATA WAY, ATLANTIC CITY, NJ, 08401, United States",1 BORGATA WAY,ATLANTIC CITY,NJ,08401,United States,A1A
AUGUST BLISS SALON & SPA,"12 AMERICA AVE UNIT 5A, LAKEWOOD, NJ, 08701, United States",12 AMERICA AVE UNIT 5A,LAKEWOOD,NJ,08701,United States,A1A
PERREAULT JESSICA,"180 LE CARREFOUR, FERMONT, QC, G0G 1J0, Canada",180 LE CARREFOUR,FERMONT,QC,G0G 1J0,Canada,Y1A
