Name,Address,Street,City,Province_State,Postal_Code,Country,Search_Zip
CLINIQUE D ESTHETIQUE FLORA,"164 FLEURY OUEST, MONTREAL, QC, H3L 1T5, Canada",164 FLEURY OUEST,MONTREAL,QC,H3L 1T5,Canada,H7N
BEAUTE ACCORD COIFFURE,"2700 BOUL DE LA CONCORDE E., LAVAL, QC, H7E 2B4, Canada",2700 BOUL DE LA CONCORDE E.,LAVAL,QC,H7E 2B4,Canada,H7N
INSTITUT BEAUTE OREA,"2014 BOUL RENE-LAENNEC, LAVAL, QC, H7M 4J8, Canada",2014 BOUL RENE-LAENNEC,LAVAL,QC,H7M 4J8,Canada,H7N
STUDIO D ESTHETIQUE LUMINANCE,"2134 TILLEMONT, MONTREAL, QC, H2E 1E3, Canada",2134 TILLEMONT,MONTREAL,QC,H2E 1E3,Canada,H7N
ESTHETIQUE SIMA,"3471 RUE DU COMMANDANT, LAVAL, QC, H7E 0A1, Canada",3471 RUE DU COMMANDANT,LAVAL,QC,H7E 0A1,Canada,H7N
EXCELLENCE SPA BEAUTE,"6514 BOUL SAINT-LAURENT, MONTREAL, QC, H2S 3C6, Canada",6514 BOUL SAINT-LAURENT,MONTREAL,QC,H2S 3C6,Canada,H7N
SALON D ESTHETIQUE NICOLE CAZA,"1513 DUCHARME, MONTREAL (OUTREMONT), QC, H2V 1G2, Canada",1513 DUCHARME,MONTREAL (OUTREMONT),QC,H2V 1G2,Canada,H7N
VAN HILL SPA,"1637 VAN HORNE AVE, OUTREMONT, QC, H2V 1L7, Canada",1637 VAN HORNE AVE,OUTREMONT,QC,H2V 1L7,Canada,H7N
COIFFERIE EM/ SONIA MBAREK,"5245 ST-DENIS, MONTREAL, QC, H2J 2M1, Canada",5245 ST-DENIS,MONTREAL,QC,H2J 2M1,Canada,H7N
AMOURELLE,"4455 BEAUBIEN EST, MONTREAL, QC, H1T 1T3, Canada",4455 BEAUBIEN EST,MONTREAL,QC,H1T 1T3,Canada,H7N
CLINIQUE DE BEAUTE DIANE,"5169 BELANGER EST, MONTREAL, QC, H1T 1E1, Canada",5169 BELANGER EST,MONTREAL,QC,H1T 1E1,Canada,H7N
LINDA MCDONALD,"4584 MICHEL-BIBAUD, MONTREAL, QC, H3W 2E2, Canada",4584 MICHEL-BIBAUD,MONTREAL,QC,H3W 2E2,Canada,H7N
INST. DE BTE LORRAINE TERMETZ,"4489 FABRE, MONTREAL, QC, H2J 3V4, Canada",4489 FABRE,MONTREAL,QC,H2J 3V4,Canada,H7N
REFLET BEAUTE ENR. LE,"360 GRANDE COTE #203, ROSEMERE, QC, J7A 1K6, Canada",360 GRANDE COTE #203,ROSEMERE,QC,J7A 1K6,Canada,H7N
JOHANNE BOUCHARD ESTH,"105-35 RUE JOSEPH-HAMELIN, SAINTE-THERESE, QC, J7E 5V9, Canada",105-35 RUE JOSEPH-HAMELIN,SAINTE-THERESE,QC,J7E 5V9,Canada,H7N
CTRE DE SANTE & BTE L ACALMIE,"1955 ARTHUR-SAUVE, LAVAL (LAVAL-OUEST), QC, H7R 3W6, Canada",1955 ARTHUR-SAUVE,LAVAL (LAVAL-OUEST),QC,H7R 3W6,Canada,H7N
HELENE VALLEE ENR.ESTHETIQUE,"7791 DE MARSEILLE, MONTREAL, QC, H1L 1N6, Canada",7791 DE MARSEILLE,MONTREAL,QC,H1L 1N6,Canada,H7N
CTRE D ESTH.DANIELLE BENOIT,"109-110 RUE DE LA BARRE, LONGUEUIL, QC, J4K 1A3, Canada",109-110 RUE DE LA BARRE,LONGUEUIL,QC,J4K 1A3,Canada,H7N
LE RELAIS BEAUTE,"68 RUE BLAINVILLE O., STE-THERESE, QC, J7E 1X3, Canada",68 RUE BLAINVILLE O.,STE-THERESE,QC,J7E 1X3,Canada,H7N
CLINIQUE BEAUTE LASODERME,"8690 RUE HOCHELAGA, MONTREAL, QC, H1L 2M6, Canada",8690 RUE HOCHELAGA,MONTREAL,QC,H1L 2M6,Canada,H7N
M.C. INC INSTITUT,"8479 NEWMAN, LASALLE, QC, H8N 2Y7, Canada",8479 NEWMAN,LASALLE,QC,H8N 2Y7,Canada,H7N
ESTHETIQUE LILI DOLCE,"202 RUE GUILLAUME, LONGUEUIL, QC, J4H 1R8, Canada",202 RUE GUILLAUME,LONGUEUIL,QC,J4H 1R8,Canada,H7N
QUINTESSENCE ESTHETIQUE LA,"710 RICHARD, VERDUN, QC, H4H 2A6, Canada",710 RICHARD,VERDUN,QC,H4H 2A6,Canada,H7N
SPA ESSENTIEL,"3563 BOUL SAINT-CHARLES, KIRKLAND, QC, H9H 3C4, Canada",3563 BOUL SAINT-CHARLES,KIRKLAND,QC,H9H 3C4,Canada,H7N
VENUS I SALON DE BEAUTE,"621 STRAVINSKI # 100, BROSSARD, QC, J4X 1Y7, Canada",621 STRAVINSKI # 100,BROSSARD,QC,J4X 1Y7,Canada,H7N
BODY CONTOURS,"1500 ROUTE 138, KAHNAWAKE, QC, J0L 1B0, Canada",1500 ROUTE 138,KAHNAWAKE,QC,J0L 1B0,Canada,H7N
COIFFURE LES FILLES,"452 MONTEE MASSON, MASCOUCHE, QC, J7K 2L5, Canada",452 MONTEE MASSON,MASCOUCHE,QC,J7K 2L5,Canada,H7N
LUX BAR A ONGLES,"5955 BOUL COUSINEAU, SAINT-HUBERT, QC, J3Y 7P5, Canada",5955 BOUL COUSINEAU,SAINT-HUBERT,QC,J3Y 7P5,Canada,H7N
L AVENUE JUDITH PALARDY,"205 RUE DU FIEF, VARENNES, QC, J3X 1Z2, Canada",205 RUE DU FIEF,VARENNES,QC,J3X 1Z2,Canada,H7N
NATURELLEMENT ESTHETIQUE,"2082 MARIE VICTORIN SUITE 205, VARENNES, QC, J3X 2C7, Canada",2082 MARIE VICTORIN SUITE 205,VARENNES,QC,J3X 2C7,Canada,H7N
L ESSENCE DE LA BEAUTE,"611-B BOUL. ST-JOSEPH, STE-JULIE, QC, J3E 1W8, Canada",611-B BOUL. ST-JOSEPH,STE-JULIE,QC,J3E 1W8,Canada,H7N
JESSICA BELANGER,"16410 22E RUE, MIRABEL, QC, J7J 2C3, Canada",16410 22E RUE,MIRABEL,QC,J7J 2C3,Canada,H7N
ESTHETIQUE BELLE POUR SOI,"102-775 RUE BELANGER, SAINT-JEROME, QC, J7Y 1L1, Canada",102-775 RUE BELANGER,SAINT-JEROME,QC,J7Y 1L1,Canada,H7N
STUDIO J / CAROLINE RICHER,"153 BELANGER, ST-JEROME, QC, J7Y 1K5, Canada",153 BELANGER,ST-JEROME,QC,J7Y 1K5,Canada,H7N
MARJORY PONTBRIAND,"2117 BOUL DU CURE-LABELLE, ST-JEROME, QC, J7Y 1S9, Canada",2117 BOUL DU CURE-LABELLE,ST-JEROME,QC,J7Y 1S9,Canada,H7N
MEDISENS,"2218 BOUL DU CURE-LABELLE, SAINT-JEROME, QC, J7Y 1T5, Canada",2218 BOUL DU CURE-LABELLE,SAINT-JEROME,QC,J7Y 1T5,Canada,H7N
LEGARE VERONIQUE,"13 CHEMIN HUOT, ST-COLOMBAN, QC, J5K 1E3, Canada",13 CHEMIN HUOT,ST-COLOMBAN,QC,J5K 1E3,Canada,H7N
ESTHETIQUEMENT VOTRE INC.,"381 SIR-WILFRID LAURIER, BELOEIL, QC, J3G 4H6, Canada",381 SIR-WILFRID LAURIER,BELOEIL,QC,J3G 4H6,Canada,H7N
INSTITUT SANTE BEAUTE,"251 BREBOEUF, BELOEIL, QC, J3G 5E7, Canada",251 BREBOEUF,BELOEIL,QC,J3G 5E7,Canada,H7N
ESTHETIQUE BEL OEIL,"585 ST-JEAN -BATISTE, BELOEIL, QC, J3G 2V5, Canada",585 ST-JEAN -BATISTE,BELOEIL,QC,J3G 2V5,Canada,H7N
LE LOCAL ESTHETIQUE,"201-244 RUE SAINT-GEORGES, MONT-SAINT-HILAIRE, QC, J3H 2Y1, Canada",201-244 RUE SAINT-GEORGES,MONT-SAINT-HILAIRE,QC,J3H 2Y1,Canada,H7N
INSTITUT TARA A/S LYNE THEBERG,"1344 RUE DU PONT, MARIEVILLE, QC, J3M 1G2, Canada",1344 RUE DU PONT,MARIEVILLE,QC,J3M 1G2,Canada,H7N
AU MASQUE D OR,"671 CH.STE-ANNE-DES-LACS, LAC GUINDON, QC, J0R 1B0, Canada",671 CH.STE-ANNE-DES-LACS,LAC GUINDON,QC,J0R 1B0,Canada,H7N
BELL ESTHETIQUE,"9 AVENUE MONETTE, SAINT-SAUVEUR, QC, J0R 1R4, Canada",9 AVENUE MONETTE,SAINT-SAUVEUR,QC,J0R 1R4,Canada,H7N
LE MOMENT,"6-451 CH BENOIT, SAINT-SAUVEUR, QC, J0R 1R7, Canada",6-451 CH BENOIT,SAINT-SAUVEUR,QC,J0R 1R7,Canada,H7N
STUDIO D ESTHETIQUE JULIE GAGN,"364 ROUTE DU NORD, BROWNSBURG-CHATHAM, QC, J8G 1L8, Canada",364 ROUTE DU NORD,BROWNSBURG-CHATHAM,QC,J8G 1L8,Canada,H7N
LASER MIEUX-ETRE ENR.,"1191 DES CASCADES O. #200, ST-HYACINTHE, QC, J2S 3G9, Canada",1191 DES CASCADES O. #200,ST-HYACINTHE,QC,J2S 3G9,Canada,H7N
SOINS ESTHETIQUES TALYSA,"301 RUE CORCORAN, SAINT-ALPHONSE-RODRIGUEZ, QC, J0K 1W0, Canada",301 RUE CORCORAN,SAINT-ALPHONSE-RODRIGUEZ,QC,J0K 1W0,Canada,H7N
CENTRE HOLISTIQUE V.COTE,"1000 PRINCIPALE, ST-PAUL-D ABBOTSFORD, QC, J0E 1A0, Canada",1000 PRINCIPALE,ST-PAUL-D ABBOTSFORD,QC,J0E 1A0,Canada,H7N
ESTH. CHRISTIANE CORRIVEAU,"119 RUE BOIVIN, GRANBY, QC, J2G 2J4, Canada",119 RUE BOIVIN,GRANBY,QC,J2G 2J4,Canada,H7N
STUDIO D ESTH. SYLVIE GODBOUT,"8 RUE GROVE, GRANBY, QC, J2G 4M4, Canada",8 RUE GROVE,GRANBY,QC,J2G 4M4,Canada,H7N
INSTITUT DE BEAUTE NATHALIE,"1239 RUE DE SAINT-JOVITE, MONT-TREMBLANT, QC, J8E 3J9, Canada",1239 RUE DE SAINT-JOVITE,MONT-TREMBLANT,QC,J8E 3J9,Canada,H7N
CL.LAFONTAINE/SPA BIOTERRA,"4960 RUE DUBOIS, DRUMMONDVILLE, QC, J2B 6V4, Canada",4960 RUE DUBOIS,DRUMMONDVILLE,QC,J2B 6V4,Canada,H7N
ESTHETIQUE LALIBERTE LTEE,"1 MAPLE SUD, SUTTON, QC, J0E 2K0, Canada",1 MAPLE SUD,SUTTON,QC,J0E 2K0,Canada,H7N
ESTHETIQUE CHANTAL CIRCE,"343 RUE PRINCIPALE, EASTMAN, QC, J0E 1P0, Canada",343 RUE PRINCIPALE,EASTMAN,QC,J0E 1P0,Canada,H7N
LA SOIE BLANCHE,"3000 DE CARILLON, TROIS-RIVIERES, QC, G8Z 3Y3, Canada",3000 DE CARILLON,TROIS-RIVIERES,QC,G8Z 3Y3,Canada,H7N
ESTHETIQUE MARIE LEBLANC,"7063 BOUL DES FORGES, TROIS-RIVIERES, QC, G8Y 1Y7, Canada",7063 BOUL DES FORGES,TROIS-RIVIERES,QC,G8Y 1Y7,Canada,H7N
ESTHELLE ESPACE BEAUTE,"100 PLACE DU COMMERCE, MAGOG, QC, J1X 5G6, Canada",100 PLACE DU COMMERCE,MAGOG,QC,J1X 5G6,Canada,H7N
PRIVE SPA (2555220 ONTARIO INC,"2179 MER BLEUE RD, ORLEANS, ON, K4A 3T9, Canada",2179 MER BLEUE RD,ORLEANS,ON,K4A 3T9,Canada,H7N
STUDIO 157 INC.,"348 RUE MAIN, GATINEAU, QC, J8P 5K3, Canada",348 RUE MAIN,GATINEAU,QC,J8P 5K3,Canada,H7N
MAKIAGE ET KOIFFURE INC.,"710 MONTEE PAIEMONT #11B, GATINEAU, QC, J8R 4A3, Canada",710 MONTEE PAIEMONT #11B,GATINEAU,QC,J8R 4A3,Canada,H7N
THIRD AVENUE SPA,"784 BANK ST, OTTAWA, ON, K1S 3V6, Canada",784 BANK ST,OTTAWA,ON,K1S 3V6,Canada,H7N
CHRISTOPHER ROBERT,"1100 BOUL. MALONEY O, GATINEAU, QC, J8T 6G3, Canada",1100 BOUL. MALONEY O,GATINEAU,QC,J8T 6G3,Canada,H7N
NATURAL SOLUTIONS,"300 BOROUGH DR. UNIT 62, SCARBOROUGH, ON, M1P 4P5, Canada",300 BOROUGH DR. UNIT 62,SCARBOROUGH,ON,M1P 4P5,Canada,H7N
KOENA SPA,"1172 CH D AYLMER, GATINEAU, QC, J9H 7L3, Canada",1172 CH D AYLMER,GATINEAU,QC,J9H 7L3,Canada,H7N
STUDIO 157,"103-10 ALLEE DE HAMBOURG, GATINEAU, QC, J9J 4K1, Canada",103-10 ALLEE DE HAMBOURG,GATINEAU,QC,J9J 4K1,Canada,H7N
MAHOGANY SALON & SPA LTD,"1261 MAIN STREET, STITTSVILLE, ON, K2S 2E4, Canada",1261 MAIN STREET,STITTSVILLE,ON,K2S 2E4,Canada,H7N
FACE VALUES/THE DAY SPA,"1551 BURRITS RAPIDS, MERRICKVILLE, ON, K0G 1N0, Canada",1551 BURRITS RAPIDS,MERRICKVILLE,ON,K0G 1N0,Canada,H7N
COULEURS ET MOLECULES INC,"520 BOUL.FRONTENAC OUEST #182, THETFORD MINES, QC, G6G 5V9, Canada",520 BOUL.FRONTENAC OUEST #182,THETFORD MINES,QC,G6G 5V9,Canada,H7N
MAHOGANY SALON & SPA,"369 NAPOLEON ST, CARLTON PLACE, ON, K7C 3Y3, Canada",369 NAPOLEON ST,CARLTON PLACE,ON,K7C 3Y3,Canada,H7N
VISA BEAUTE SANTE CENTRE,"5450 BOUL.DES VETERANS, LAC MEGANTIC, QC, G6B 2G7, Canada",5450 BOUL.DES VETERANS,LAC MEGANTIC,QC,G6B 2G7,Canada,H7N
NANCY FORTIER INSTITUT,"1095 RUE DE LA RIVIERE, QUEBEC, QC, G1Y 2A3, Canada",1095 RUE DE LA RIVIERE,QUEBEC,QC,G1Y 2A3,Canada,H7N
ESTHETIQUE DUCHESNEAU,"3759 RUE DU CAMPANILE, QUEBEC, QC, G1X 4G5, Canada",3759 RUE DU CAMPANILE,QUEBEC,QC,G1X 4G5,Canada,H7N
EQUILIBRE BEAUTE SANTE INC.,"110-820 RTE DES RIVIERES, LEVIS, QC, G7A 2V1, Canada",110-820 RTE DES RIVIERES,LEVIS,QC,G7A 2V1,Canada,H7N
ESTHETIQUE PUR VISAGE INC.,"965 DE BOURGOGNE #200, QUEBEC, QC, G1W 1L4, Canada",965 DE BOURGOGNE #200,QUEBEC,QC,G1W 1L4,Canada,H7N
CLAUDINE TREMBLAY,"857 DE LA RITOURNELLE, ANCIENNE-LORETTE, QC, G2E 6E5, Canada",857 DE LA RITOURNELLE,ANCIENNE-LORETTE,QC,G2E 6E5,Canada,H7N
ESTHETIQUE AVANT-GARDE,"331 RUE SAVOIE, STE-MARIE-DE-BEAUCE, QC, G6E 3W2, Canada",331 RUE SAVOIE,STE-MARIE-DE-BEAUCE,QC,G6E 3W2,Canada,H7N
LINDA ESTHETIQUE,"100-2669 CH.STE-FOY, QUEBEC, QC, G1V 1V3, Canada",100-2669 CH.STE-FOY,QUEBEC,QC,G1V 1V3,Canada,H7N
ESTHETIQUE EMANUELLE,"200-2485 CH SAINT-LOUIS, QUEBEC, QC, G1T 1R9, Canada",200-2485 CH SAINT-LOUIS,QUEBEC,QC,G1T 1R9,Canada,H7N
ESTHETIQUE MIMOSA,"4300-2336 CH SAINTE-FOY, QUEBEC, QC, G1V 1S5, Canada",4300-2336 CH SAINTE-FOY,QUEBEC,QC,G1V 1S5,Canada,H7N
CENTRE DE BEAUTE L EVASION,"171 STE-GENEVIEVE, ST-ISIDORE, QC, G0S 2S0, Canada",171 STE-GENEVIEVE,ST-ISIDORE,QC,G0S 2S0,Canada,H7N
LES CLINIQUES LASER EPILATION,"B101-600 AV BELVEDERE, QUEBEC, QC, G1N 2J7, Canada",B101-600 AV BELVEDERE,QUEBEC,QC,G1N 2J7,Canada,H7N
INNOVADERM ESTHETIQUE,"6433 BOUL HENRI-BOURASSA, QUEBEC, QC, G1H 3B9, Canada",6433 BOUL HENRI-BOURASSA,QUEBEC,QC,G1H 3B9,Canada,H7N
INSTITUT BEAUTE MANON SIMARD,"PROM. BEAUPORT/3333 CARREFOUR, QUEBEC, QC, G1C 5R9, Canada",PROM. BEAUPORT/3333 CARREFOUR,QUEBEC,QC,G1C 5R9,Canada,H7N
MYLENE ENR. INSTITUT DE BTE,"7777 BOUL. GUILLAUME COUTURE, LEVIS, QC, G6V 6Z1, Canada",7777 BOUL. GUILLAUME COUTURE,LEVIS,QC,G6V 6Z1,Canada,H7N
RENAISSANCE SALON,"141 DES OEILLETS, LEVIS, QC, G6Y 7S9, Canada",141 DES OEILLETS,LEVIS,QC,G6Y 7S9,Canada,H7N
CENTRE DE BEAUTE ET BIEN-ETRE,"101-1000 127E RUE, SAINT-GEORGES, QC, G5Y 2W7, Canada",101-1000 127E RUE,SAINT-GEORGES,QC,G5Y 2W7,Canada,H7N
M.VACHON /ESTHETIQUE CLIONA,"331 ROUTE PRINCIPALE, ST RENE, QC, G0M 1Z0, Canada",331 ROUTE PRINCIPALE,ST RENE,QC,G0M 1Z0,Canada,H7N
SALON D ESTHETIQUE JOSEE,"13565 - 37e AVENUE, ST-GEORGES, QC, G6A 0A9, Canada",13565 - 37e AVENUE,ST-GEORGES,QC,G6A 0A9,Canada,H7N
CTRE ESTH.ET ELECT DE BEAUMONT,"336 ROUTE DU FLEUVE, Beaumont, QC, G0R 1C0, Canada",336 ROUTE DU FLEUVE,Beaumont,QC,G0R 1C0,Canada,H7N
CHIC HAIR AND ESTHETICS,"350 KING ST. E MAIN FLOOR, KINGSTON, ON, K7L 3B4, Canada",350 KING ST. E MAIN FLOOR,KINGSTON,ON,K7L 3B4,Canada,H7N
MANE OBSESSION LTD. THE,"755 BAYRIDGE DR., KINGSTON, ON, K7P 2P2, Canada",755 BAYRIDGE DR.,KINGSTON,ON,K7P 2P2,Canada,H7N
EVANESCENCE,"10989 BOUL. STE-ANNE LOCAL 100, BEAUPRE, QC, G0A 1E0, Canada",10989 BOUL. STE-ANNE LOCAL 100,BEAUPRE,QC,G0A 1E0,Canada,H7N
THE SPAH,"186 FRONT ST., BELLEVILLE, ON, K8N 2Y7, Canada",186 FRONT ST.,BELLEVILLE,ON,K8N 2Y7,Canada,H7N
MARLENE ESTHETICS BY,"114 GLENDALE RD., BELLEVILLE, ON, K8P 4H6, Canada",114 GLENDALE RD.,BELLEVILLE,ON,K8P 4H6,Canada,H7N
BEAUTY WORKS DAY SPA,"615 SIDNEY ST., BELLEVILLE, ON, K8P 4A7, Canada",615 SIDNEY ST.,BELLEVILLE,ON,K8P 4A7,Canada,H7N
NOMIS ESTHETIQUE/E.DALLAIRE,"962 RUE PARADIS, ROBERVAL, QC, G8H 2K1, Canada",962 RUE PARADIS,ROBERVAL,QC,G8H 2K1,Canada,H7N
CLINIQUE ESTH REVE ET DETENTE,"144 SACRE-COEUR EST, ALMA, QC, G8B 1A5, Canada",144 SACRE-COEUR EST,ALMA,QC,G8B 1A5,Canada,H7N
CLINIQUE D ESTHETIQUE STEPHANI,"2305 RUE SAINT-HUBERT, JONQUIERE, QC, G7X 5N6, Canada",2305 RUE SAINT-HUBERT,JONQUIERE,QC,G7X 5N6,Canada,H7N
NATHALIE ENR. SALON,"2066 DE NEUVILLE, JONQUIERE, QC, G7S 5E5, Canada",2066 DE NEUVILLE,JONQUIERE,QC,G7S 5E5,Canada,H7N
AUTHENTIQUE ESTHETIQUE,"1730 BOUL TALBOT, CHICOUTIMI, QC, G7H 7Z3, Canada",1730 BOUL TALBOT,CHICOUTIMI,QC,G7H 7Z3,Canada,H7N
MADEMOISELLE,"690 BOUL. TALBOT, CHICOUTIMI, QC, G7H 4A9, Canada",690 BOUL. TALBOT,CHICOUTIMI,QC,G7H 4A9,Canada,H7N
KAREN CORTESIS ESTHETICS,"313 DIVISION STREET, COBOURG, ON, K9A 3R4, Canada",313 DIVISION STREET,COBOURG,ON,K9A 3R4,Canada,H7N
SYLVIA ESTHETIQUE,"145 RUE FRASER, RIVIERE-DU-LOUP, QC, G5R 1C9, Canada",145 RUE FRASER,RIVIERE-DU-LOUP,QC,G5R 1C9,Canada,H7N
CLINIQUE BELLA DONNA,"700 3e AVENUE, VAL-D OR, QC, J9P 1S5, Canada",700 3e AVENUE,VAL-D OR,QC,J9P 1S5,Canada,H7N
NADINE ESTHETIQUE,"616 RUE COMMERCIALE NORD, TEMISCOUATA-SUR-LE-LAC, QC, G0L 1E0, Canada",616 RUE COMMERCIALE NORD,TEMISCOUATA-SUR-LE-LAC,QC,G0L 1E0,Canada,H7N
MARGARET S HEALTH & BTY CENTER,"105 NONQUON RD, OSHAWA, ON, L1G 3R8, Canada",105 NONQUON RD,OSHAWA,ON,L1G 3R8,Canada,H7N
IMAGE 2000 ESTHETIC STUDIOL,"1592 JANE ST, NORTH BAY, ON, P1B 3J8, Canada",1592 JANE ST,NORTH BAY,ON,P1B 3J8,Canada,H7N
HONEY - THE SPA,"4432 FERN RESORT RD, RAMARA, ON, L3V 0Z1, Canada",4432 FERN RESORT RD,RAMARA,ON,L3V 0Z1,Canada,H7N
HOLISTIC SPA & LASER CLINIC,"3-1801 HARWOOD AVE N., AJAX, ON, L1T 0K8, Canada",3-1801 HARWOOD AVE N.,AJAX,ON,L1T 0K8,Canada,H7N
CAVANA RIDGE INC.,"4260 BURNSIDE LINE, SEVERN, ON, L3V 0W1, Canada",4260 BURNSIDE LINE,SEVERN,ON,L3V 0W1,Canada,H7N
MAGDALENA AESTHETICS,"4-3600 ELLESMERE RD, SCARBOROUGH, ON, M1C 4Y8, Canada",4-3600 ELLESMERE RD,SCARBOROUGH,ON,M1C 4Y8,Canada,H7N
CHRISTIE S MILL INN AND SPA,"263 PORT SEVERN ROAD N, PORT SEVERN, ON, L0K 1S0, Canada",263 PORT SEVERN ROAD N,PORT SEVERN,ON,L0K 1S0,Canada,H7N
TONYC a EXTEND COIFFURES,"1800 SHEPPARD AVE.E.#2052, NORTH YORK, ON, M2J 5A7, Canada",1800 SHEPPARD AVE.E.#2052,NORTH YORK,ON,M2J 5A7,Canada,H7N
PRECISION ESTHETICS,"1202 KINGSTON RD, TORONTO, ON, M1N 1N8, Canada",1202 KINGSTON RD,TORONTO,ON,M1N 1N8,Canada,H7N
NAILS FOR THE FUTURE,"947 KINGSTON ROAD, TORONTO, ON, M4E 1S8, Canada",947 KINGSTON ROAD,TORONTO,ON,M4E 1S8,Canada,H7N
LIGHT TOUCH LASER,"14 WHITE PINE AVENUE, TORONTO, ON, M4B 2Z9, Canada",14 WHITE PINE AVENUE,TORONTO,ON,M4B 2Z9,Canada,H7N
RAIN SPA SALON,"384 SHEPPARD AVE.E., TORONTO, ON, M2N 3B5, Canada",384 SHEPPARD AVE.E.,TORONTO,ON,M2N 3B5,Canada,H7N
HUE CLINIC,"201-6126 YONGE ST, NORTH YORK, ON, M2M 3W7, Canada",201-6126 YONGE ST,NORTH YORK,ON,M2M 3W7,Canada,H7N
GRANITE CLUB SALON & BARBERSH,"2350 BAYVIEW AVE, TORONTO, ON, M2L 1E4, Canada",2350 BAYVIEW AVE,TORONTO,ON,M2L 1E4,Canada,H7N
ICI PARIS SKIN CARE CLINIC SPA,"370 DANFORTH AVE., TORONTO, ON, M4K 1N8, Canada",370 DANFORTH AVE.,TORONTO,ON,M4K 1N8,Canada,H7N
AESTHETICS STUDIO,"F-12 HARRISON GARDEN BLVD, NORTH YORK, ON, M2N 7K6, Canada",F-12 HARRISON GARDEN BLVD,NORTH YORK,ON,M2N 7K6,Canada,H7N
THE BODY AESTHETIC REG D,"3403 1/2 YONGE STREET, TORONTO, ON, M4N 2M8, Canada",3403 1/2 YONGE STREET,TORONTO,ON,M4N 2M8,Canada,H7N
CONCEPTS SALON & SPA,"60 BLOOR ST W LOWER LEVEL, TORONTO, ON, M4W 3B8, Canada",60 BLOOR ST W LOWER LEVEL,TORONTO,ON,M4W 3B8,Canada,H7N
GILLA S MINI SPA,"76 SCOLLARD ST (2nd floor), TORONTO, ON, M5R 1G2, Canada",76 SCOLLARD ST (2nd floor),TORONTO,ON,M5R 1G2,Canada,H7N
SECRET GARDEN SPA PRINCE OF WA,"6 PICTON STREET PO BOX 46, NIAGARA-ON-THE-LAKE, ON, L0S 1J0, Canada",6 PICTON STREET PO BOX 46,NIAGARA-ON-THE-LAKE,ON,L0S 1J0,Canada,H7N
UPPER VILLAGE SPA,"997 EGLINTON AVE W, YORK, ON, M6C 2C7, Canada",997 EGLINTON AVE W,YORK,ON,M6C 2C7,Canada,H7N
100 FOUNTAIN SPA PILLAR AND PO,"48 JOHN STREET WEST, NIAGARA-ON-THE-LAKE, ON, L0S 1J0, Canada",48 JOHN STREET WEST,NIAGARA-ON-THE-LAKE,ON,L0S 1J0,Canada,H7N
STUDIOS VIS-A-VIS,"780 COLLEGE ST., TORONTO, ON, M6G 1C6, Canada",780 COLLEGE ST.,TORONTO,ON,M6G 1C6,Canada,H7N
CALIFORNIA SUN SPA LIMITED,"2198-A BLOOR ST WEST, TORONTO, ON, M6S 1N4, Canada",2198-A BLOOR ST WEST,TORONTO,ON,M6S 1N4,Canada,H7N
LA ROCHE SKIN & BEAUTY CARE,"257 B WILLARD AVENUE, TORONTO, ON, M6S 3R1, Canada",257 B WILLARD AVENUE,TORONTO,ON,M6S 3R1,Canada,H7N
BEAUTIQUE SPA AND LASER INC,"3267 BLOOR ST. WEST UNIT 2, ETOBICOKE, ON, M8X 1E2, Canada",3267 BLOOR ST. WEST UNIT 2,ETOBICOKE,ON,M8X 1E2,Canada,H7N
CLASSIC TAN,"205-201 LLOYD MANOR RD, ETOBICOKE, ON, M9B 6H6, Canada",205-201 LLOYD MANOR RD,ETOBICOKE,ON,M9B 6H6,Canada,H7N
ROSANNA S SKIN CARE,"2800 SKYMARK AVE #9, MISSISSAUGA, ON, L4W 5A6, Canada",2800 SKYMARK AVE #9,MISSISSAUGA,ON,L4W 5A6,Canada,H7N
PERFECT COMPLEXIONS,"301 QUEEN ST. SOUTH, BOLTON, ON, L7E 2B1, Canada",301 QUEEN ST. SOUTH,BOLTON,ON,L7E 2B1,Canada,H7N
WATERROOTS DAY SPA INC.,"18 KING ST. E. UNIT #M4, BOLTON, ON, L7E 1E8, Canada",18 KING ST. E. UNIT #M4,BOLTON,ON,L7E 1E8,Canada,H7N
CHAIRACTERS HAIR & NAILS/J.LUU,"C2-5027 SPECTRUM WAY, MISSISSAUGA, ON, L4W 0E3, Canada",C2-5027 SPECTRUM WAY,MISSISSAUGA,ON,L4W 0E3,Canada,H7N
RENAISSANCE SALON & ESTHETIQUE,"169 ONTARIO STREET, ST CATHARINES, ON, L2R 5K2, Canada",169 ONTARIO STREET,ST CATHARINES,ON,L2R 5K2,Canada,H7N
LEGEND OF TOUCH SPA INC.,"20 HURONTARIO ST, PORT CREDIT, ON, L5G 3G7, Canada",20 HURONTARIO ST,PORT CREDIT,ON,L5G 3G7,Canada,H7N
RAMAN S SALON & SPA,"5-130 FATHER TOBIN RD, BRAMPTON, ON, L6R 3P1, Canada",5-130 FATHER TOBIN RD,BRAMPTON,ON,L6R 3P1,Canada,H7N
EUROPEAN TOUCH BEAUTY CENTER,"5027 HURONTARIO STREET #4, MISSISSAUGA, ON, L4Z 3X6, Canada",5027 HURONTARIO STREET #4,MISSISSAUGA,ON,L4Z 3X6,Canada,H7N
MA NATURAL BEAUTY,"259 TRADERS BLVD EAST UNIT #5, MISSISSAUGA, ON, L4Z 1W7, Canada",259 TRADERS BLVD EAST UNIT #5,MISSISSAUGA,ON,L4Z 1W7,Canada,H7N
STYLISH BEAUTY SALON & SPA,"9-10970 BRAMALEA RD, BRAMPTON, ON, L6R 3X1, Canada",9-10970 BRAMALEA RD,BRAMPTON,ON,L6R 3X1,Canada,H7N
JANINE BEAUTY CARE,"7700 HURONTARIO ST. #203, BRAMPTON, ON, L6Y 4M3, Canada",7700 HURONTARIO ST. #203,BRAMPTON,ON,L6Y 4M3,Canada,H7N
SHERWOOD VILLAGE SPA INC.,"1900 DUNDAS ST.W.BLDG.D, MISSISSAUGA, ON, L5K 1P9, Canada",1900 DUNDAS ST.W.BLDG.D,MISSISSAUGA,ON,L5K 1P9,Canada,H7N
MONTERELLA BOUTIQUE & SPA,"C-92 DUNN ST., OAKVILLE, ON, L6J 3C7, Canada",C-92 DUNN ST.,OAKVILLE,ON,L6J 3C7,Canada,H7N
THE FOLLICLE SPA INC.,"UNIT #1 433 GUELPH LINE, BURLINGTON, ON, L7R 3L7, Canada",UNIT #1 433 GUELPH LINE,BURLINGTON,ON,L7R 3L7,Canada,H7N
JINGLES,"321 MILLEN RD., STONEY CREEK, ON, L8E 2H3, Canada",321 MILLEN RD.,STONEY CREEK,ON,L8E 2H3,Canada,H7N
STUDIO C ESSENTIALS,"1405 UPPER OTTAWA ST SUITE #9, HAMILTON, ON, L8W 3J6, Canada",1405 UPPER OTTAWA ST SUITE #9,HAMILTON,ON,L8W 3J6,Canada,H7N
SILVANA S HAIR/573635 ONT INC.,"767 KING WEST, HAMILTON, ON, L8S 1J9, Canada",767 KING WEST,HAMILTON,ON,L8S 1J9,Canada,H7N
CLEAR COIFF.O/A NATURAL SOLUT.,"435 STONE RD W#L8, GUELPH, ON, N1G 2X6, Canada",435 STONE RD W#L8,GUELPH,ON,N1G 2X6,Canada,H7N
WELLNESS STUDIO/JOLIE NGUYEN,"1021 KINGSWAY, SUDBURY, ON, P3B 2E6, Canada",1021 KINGSWAY,SUDBURY,ON,P3B 2E6,Canada,H7N
EURO SKIN CARE BOUTIQUE,"442 BOUCHARD ST., SUDBURY, ON, P3E 2K9, Canada",442 BOUCHARD ST.,SUDBURY,ON,P3E 2K9,Canada,H7N
THE SPA,"717 KING STREET EAST, CAMBRIDGE, ON, N3H 3N8, Canada",717 KING STREET EAST,CAMBRIDGE,ON,N3H 3N8,Canada,H7N
REES MEDI AESTHETICS,"116 ARGYLE ST N UNIT 102, CAMBRIDGE, ON, N3H 1P6, Canada",116 ARGYLE ST N UNIT 102,CAMBRIDGE,ON,N3H 1P6,Canada,H7N
VICKY VEILLEUX ESTHETIQUE,"317 BLVD LASALLE, BAIE-COMEAU, QC, G4Z 2L5, Canada",317 BLVD LASALLE,BAIE-COMEAU,QC,G4Z 2L5,Canada,H7N
SKIN ESSENTIALS,"12 ALMA STREET SOUTH UNIT #1, HAGERSVILLE, ON, N0A 1H0, Canada",12 ALMA STREET SOUTH UNIT #1,HAGERSVILLE,ON,N0A 1H0,Canada,H7N
JASMINE HOLISTIC SPA,"14 EAGLECREST ST, KITCHENER, ON, N2K 0B6, Canada",14 EAGLECREST ST,KITCHENER,ON,N2K 0B6,Canada,H7N
KITCHENER COIF.O/A NATURAL SOL,"2960 KINGSWAY DR. UNIT E9, KITCHENER, ON, N2C 1X1, Canada",2960 KINGSWAY DR. UNIT E9,KITCHENER,ON,N2C 1X1,Canada,H7N
TOTAL SKIN & BODY CLINIC REG D,"385 FREDERICKFRED.PLZ, KITCHENER, ON, N2H 2P2, Canada",385 FREDERICKFRED.PLZ,KITCHENER,ON,N2H 2P2,Canada,H7N
DEJA VU AESTHETICS CLINIC,"201 ROYAL ST, WATERLOO, ON, N2J 2H8, Canada",201 ROYAL ST,WATERLOO,ON,N2J 2H8,Canada,H7N
EURO REFLECTIONS,"251 HIGHLAND ROAD WEST, KITCHENER, ON, N2M 3C3, Canada",251 HIGHLAND ROAD WEST,KITCHENER,ON,N2M 3C3,Canada,H7N
MARIE-FRANCE MAISON D ESTH.,"75 RANG 16 NORD, ST-QUENTIN, NB, E8A 2H9, Canada",75 RANG 16 NORD,ST-QUENTIN,NB,E8A 2H9,Canada,H7N
INST. DE BTE VALERIE FRADETTE,"162 RUE SAINT-PIERRE, MATANE, QC, G4W 2B5, Canada",162 RUE SAINT-PIERRE,MATANE,QC,G4W 2B5,Canada,H7N
RELISH DAY SPA,"397 ONTARIO ST, STRATFORD, ON, N5A 3H7, Canada",397 ONTARIO ST,STRATFORD,ON,N5A 3H7,Canada,H7N
GUSH CHLOE MERKEL,"91 ERIE ST. SOUTH, STRATFORD, ON, N5A 2M4, Canada",91 ERIE ST. SOUTH,STRATFORD,ON,N5A 2M4,Canada,H7N
WAVE NORDIC SPA,"324183 MOUNT ELGIN RD, MOUNT ELGIN, ON, N0J 1N0, Canada",324183 MOUNT ELGIN RD,MOUNT ELGIN,ON,N0J 1N0,Canada,H7N
WAVE WELLNESS RETREAT,"230 LISGAR AVE, TILLSONBURG, ON, N4G 4L3, Canada",230 LISGAR AVE,TILLSONBURG,ON,N4G 4L3,Canada,H7N
ALLURE SKIN STUDIO & MEDICAL A,"128 ALBERT ST.P.O.BOX 657, CLINTON, ON, N0M 1L0, Canada",128 ALBERT ST.P.O.BOX 657,CLINTON,ON,N0M 1L0,Canada,H7N
SALON D ESTH EXPRESSION INC,"140 BOUL PERRON OUEST, NEW RICHMOND, QC, G0C 2B0, Canada",140 BOUL PERRON OUEST,NEW RICHMOND,QC,G0C 2B0,Canada,H7N
ESTHETICS BY LISA,"319 PATRICIA BLVD, TIMMINS, ON, P4N 6Y5, Canada",319 PATRICIA BLVD,TIMMINS,ON,P4N 6Y5,Canada,H7N
CAROLYN ESTHETICS BY,"219 LAKE BREEZE DR, GODERICH, ON, N7A 3Y3, Canada",219 LAKE BREEZE DR,GODERICH,ON,N7A 3Y3,Canada,H7N
TETHERWOOD SPA,"651 WINDERMERE RD, LONDON, ON, N5X 2P1, Canada",651 WINDERMERE RD,LONDON,ON,N5X 2P1,Canada,H7N
TOTAL SKINCARE LTD BEAUTY,"308 OXFORD ST. E, LONDON, ON, N6A 1V5, Canada",308 OXFORD ST. E,LONDON,ON,N6A 1V5,Canada,H7N
SIMPLY SKIN BODY SUGARING AEST,"695 CRANBROOK RD, LONDON, ON, N6K 1W8, Canada",695 CRANBROOK RD,LONDON,ON,N6K 1W8,Canada,H7N
ESSENTIALS,"2531 MAIN STREET, LONDON, ON, N6P 1R2, Canada",2531 MAIN STREET,LONDON,ON,N6P 1R2,Canada,H7N
NAMASTE SPA,"31 BOTSFORD ST, MONCTON, NB, E1C 4W8, Canada",31 BOTSFORD ST,MONCTON,NB,E1C 4W8,Canada,H7N
M ESTHETIQUE,"433 RUE VANIER, DIEPPE, NB, E1A 6X3, Canada",433 RUE VANIER,DIEPPE,NB,E1A 6X3,Canada,H7N
LISA BELANGER,"454 PARK SHORE RD, GREENFIELD, NS, B0T 1E0, Canada",454 PARK SHORE RD,GREENFIELD,NS,B0T 1E0,Canada,H7N
MONA SALON D ESTHETIQUE,"257 RUE DUMAS, CARAQUET, NB, E1W 1A4, Canada",257 RUE DUMAS,CARAQUET,NB,E1W 1A4,Canada,H7N
ANGIE WYVILLE/SIMPLE INDULGENC,"6544 BRIGDEN RD, BRIGHT S GROVE, ON, N0N 1C0, Canada",6544 BRIGDEN RD,BRIGHT S GROVE,ON,N0N 1C0,Canada,H7N
ESTHETIQUE CENTRE-VILLE,"137-49 RUE JACQUES CARTIER, GASPE, QC, G4X 1M8, Canada",137-49 RUE JACQUES CARTIER,GASPE,QC,G4X 1M8,Canada,H7N
MUDWRAPS TO MANICURES,"201-1083 BEDFORD HWY, BEDFORD, NS, B4A 1B7, Canada",201-1083 BEDFORD HWY,BEDFORD,NS,B4A 1B7,Canada,H7N
SINCERELY SKIN,"200-2742 ROBIE ST., HALIFAX, NS, B3K 4P2, Canada",200-2742 ROBIE ST.,HALIFAX,NS,B3K 4P2,Canada,H7N
THE SUMMIT S.C. & HAIR REMOVAL,"5495 SPRING GARDEN ROAD, HALIFAX, NS, B3J 1G2, Canada",5495 SPRING GARDEN ROAD,HALIFAX,NS,B3J 1G2,Canada,H7N
INTERLUDE THE,"58 OCHTERLONEY ST., DARTMOUTH, NS, B2Y 1C2, Canada",58 OCHTERLONEY ST.,DARTMOUTH,NS,B2Y 1C2,Canada,H7N
COLORS,"59B PORTLAND ST., DARTMOUTH, NS, B2Y 1H1, Canada",59B PORTLAND ST.,DARTMOUTH,NS,B2Y 1H1,Canada,H7N
INTERLUDE SPA HALIFAX,"150-1715 LOWER WATER ST., HALIFAX, NS, B3J 0J4, Canada",150-1715 LOWER WATER ST.,HALIFAX,NS,B3J 0J4,Canada,H7N
SPA SOLUTIONS,"657 PORTLAND ST, DARTMOUTH, NS, B2W 2M9, Canada",657 PORTLAND ST,DARTMOUTH,NS,B2W 2M9,Canada,H7N
PICASSO S SHEAR TALENT,"85G BELVEDERE AVE, CHARLOTTETOWN, PE, C1A 6B2, Canada",85G BELVEDERE AVE,CHARLOTTETOWN,PE,C1A 6B2,Canada,H7N
SPOTLIGHT BEAUTY BAR/MARY HOLR,"2-39 EDEN ST, CHARLOTTETOWN, PE, C1A 2S2, Canada",2-39 EDEN ST,CHARLOTTETOWN,PE,C1A 2S2,Canada,H7N
COCOON WELLNESS SPA,"18 QUEEN STREET, CHARLOTTETOWN, PE, C1A 4A1, Canada",18 QUEEN STREET,CHARLOTTETOWN,PE,C1A 4A1,Canada,H7N
REALLY YOU ESTHETICS,"15 ST PETTERS RD., CHARLOTTETOWN, PE, C1A 5N3, Canada",15 ST PETTERS RD.,CHARLOTTETOWN,PE,C1A 5N3,Canada,H7N
BEAUTY COMPLETE,"370 ALBERT ST E, SAULT STE MARIE, ON, P6A 2J6, Canada",370 ALBERT ST E,SAULT STE MARIE,ON,P6A 2J6,Canada,H7N
BEAUTIFUL IMAGES,"1040 ERIE ST EAST, WINDSOR, ON, N9A 3Z1, Canada",1040 ERIE ST EAST,WINDSOR,ON,N9A 3Z1,Canada,H7N
LA VIDA SALON AND SPA INC,"1580 OUELLETTE AVE, WINDSOR, ON, N8X 1K7, Canada",1580 OUELLETTE AVE,WINDSOR,ON,N8X 1K7,Canada,H7N
WENDY S BEAUTY LOFT,"17-B 9TH STREET, HEARST, ON, P0L 1N0, Canada",17-B 9TH STREET,HEARST,ON,P0L 1N0,Canada,H7N
ANTIGONISH AESTHETIC CENTER,"2-45 MARKET ST, ANTIGONISH, NS, B2G 3B5, Canada",2-45 MARKET ST,ANTIGONISH,NS,B2G 3B5,Canada,H7N
CRYSTALLIZED ESTHETICS,"42 KNIGHT ST, GRAND FALLS-WINDSOR, NL, A2A 2N3, Canada",42 KNIGHT ST,GRAND FALLS-WINDSOR,NL,A2A 2N3,Canada,H7N
DESLAVA DAY SPA,"19 BILLARD AVE, MOUNT PEARL, NL, A1N 1R7, Canada",19 BILLARD AVE,MOUNT PEARL,NL,A1N 1R7,Canada,H7N
AHH THE SPA,"19 BROADWAY ST. W. #1 & 2, PARIS, ON, N3L 2S3, Canada",19 BROADWAY ST. W. #1 & 2,PARIS,ON,N3L 2S3,Canada,M5V
EDWARD CARRIERE,"162 SPENCE ST., WINNIPEG, MB, R3C 1Y3, Canada",162 SPENCE ST.,WINNIPEG,MB,R3C 1Y3,Canada,M5V
COCO MAN & WOMAN ESTHETICS,"2030 33 AVE SW, CALGARY, AB, T2S 1X2, Canada",2030 33 AVE SW,CALGARY,AB,T2S 1X2,Canada,T2P
VOIT SHAUNA,"23 STRANDELL CR S.W., Calgary, AB, T3H 1K8, Canada",23 STRANDELL CR S.W.,Calgary,AB,T3H 1K8,Canada,T2P
HEALING WATERS SPA,"200-6603 99 ST NW, EDMONTON, AB, T6E 3P7, Canada",200-6603 99 ST NW,EDMONTON,AB,T6E 3P7,Canada,T2P
ADVANCED SKIN CARE CLINIC,"7516 GATEWAY BLVD NW, Edmonton, AB, T6E 6E8, Canada",7516 GATEWAY BLVD NW,Edmonton,AB,T6E 6E8,Canada,T2P
RG GALLERY SPA,"11160 RIVER VALLEY RD NW, EDMONTON, AB, T5J 2G7, Canada",11160 RIVER VALLEY RD NW,EDMONTON,AB,T5J 2G7,Canada,T2P
THE SPA AT LIFE STILES,"10314-124 STREET, Edmonton, AB, T5N 1R2, Canada",10314-124 STREET,Edmonton,AB,T5N 1R2,Canada,T2P
DALYN SJOGREN / DAYDREAMS SPA,"2526 OTTER LAKE RD, SPALLUMCHEEN, BC, V4Y 0N2, Canada",2526 OTTER LAKE RD,SPALLUMCHEEN,BC,V4Y 0N2,Canada,T2P
STUDIO K FACIAL THERAPY & ESTH,"110-1980 COOPER RD, KELOWNA, BC, V1Y 8K5, Canada",110-1980 COOPER RD,KELOWNA,BC,V1Y 8K5,Canada,T2P
AUDRA S IMAGE & WELL. DAY SPA,"280 W. VICTORIA ST., KAMLOOPS, BC, V2C 1A4, Canada",280 W. VICTORIA ST.,KAMLOOPS,BC,V2C 1A4,Canada,T2P
PARAMOUNT DAY SPA & SALON INC,"345 3RD AVE SOUTH, SASKATOON, SK, S7K 1M6, Canada",345 3RD AVE SOUTH,SASKATOON,SK,S7K 1M6,Canada,T2P
BEYOND WELLNESS,"9813 92A ST, GRANDE PRAIRIE, AB, T8V 4N3, Canada",9813 92A ST,GRANDE PRAIRIE,AB,T8V 4N3,Canada,T2P
KATIE ANDERSON/BOUTIQUE 39 SPA,"6358 SELKIRK STREET, CHILLIWACK, BC, V2R 2L7, Canada",6358 SELKIRK STREET,CHILLIWACK,BC,V2R 2L7,Canada,T2P
KENZA DAY SPA,"7215 120TH STREET, DELTA, BC, V4C 6P5, Canada",7215 120TH STREET,DELTA,BC,V4C 6P5,Canada,T2P
RITUAL SALON SPA & BROW BAR,"2226-4580 BRENTWOOD BLVD, BURNABY, BC, V5C 0K3, Canada",2226-4580 BRENTWOOD BLVD,BURNABY,BC,V5C 0K3,Canada,T2P
SPECIAL BEAUTY PARLOR & DAY SP,"770 BRUNSWICK ST, PRINCE GEORGE, BC, V2L 2C2, Canada",770 BRUNSWICK ST,PRINCE GEORGE,BC,V2L 2C2,Canada,T2P
ETERNAL SKIN CARE INC,"120-100 1st ST E, NORTH VANCOUVER, BC, V7L 1B1, Canada",120-100 1st ST E,NORTH VANCOUVER,BC,V7L 1B1,Canada,T2P
SMILE THAI WELLNESS LTD,"235 ROBSON ST, VANCOUVER, BC, V6B 0E7, Canada",235 ROBSON ST,VANCOUVER,BC,V6B 0E7,Canada,T2P
SHIFEON ENTERPRISES LTD,"1291 ROBSON STREET, VANCOUVER, BC, V6E 1C2, Canada",1291 ROBSON STREET,VANCOUVER,BC,V6E 1C2,Canada,T2P
BE SMP INK COSMETICS TATTOO &,"3168 OAK ST, VANCOUVER, BC, V6H 2L1, Canada",3168 OAK ST,VANCOUVER,BC,V6H 2L1,Canada,T2P
EM S ESTHETICS,"212-2233 BURRARD ST, VANCOUVER, BC, V6J 3H9, Canada",212-2233 BURRARD ST,VANCOUVER,BC,V6J 3H9,Canada,T2P
ANAR BEAUTY BAR,"2139 4TH AVE W, VANCOUVER, BC, V6K 1N7, Canada",2139 4TH AVE W,VANCOUVER,BC,V6K 1N7,Canada,T2P
LE PETIT SPA,"3080 BROADWAY W, VANCOUVER, BC, V6K 2H1, Canada",3080 BROADWAY W,VANCOUVER,BC,V6K 2H1,Canada,T2P
C C LASER CENTRE INC.,"340-4400 HAZELBRIDGE WAY, RICHMOND, BC, V6X 3R8, Canada",340-4400 HAZELBRIDGE WAY,RICHMOND,BC,V6X 3R8,Canada,T2P
CONNIE SKINCARE & WAX BAR,"3735 10TH AVE W., VANCOUVER, BC, V6R 2G5, Canada",3735 10TH AVE W.,VANCOUVER,BC,V6R 2G5,Canada,T2P
ATLANTIS HEALTH & BTY DAY SPA,"#301 1777 56th STREET, DELTA, BC, V4L 0A6, Canada",#301 1777 56th STREET,DELTA,BC,V4L 0A6,Canada,T2P
MODERN MEDAESTHETICS,"103-6033 LONDON RD, RICHMOND, BC, V7E 0A7, Canada",103-6033 LONDON RD,RICHMOND,BC,V7E 0A7,Canada,T2P
CREEKSIDE SALON & SPA,"4785 WHITAKER RD, SECHELT, BC, V7Z 0G3, Canada",4785 WHITAKER RD,SECHELT,BC,V7Z 0G3,Canada,T2P
SKIN BY ANGELA,"11-2510 BEVAN AVE, SIDNEY, BC, V8L 1W3, Canada",11-2510 BEVAN AVE,SIDNEY,BC,V8L 1W3,Canada,T2P
BLISS BOUTIQUE SPA,"2569 PENRHYN, VICTORIA, BC, V8N 1G2, Canada",2569 PENRHYN,VICTORIA,BC,V8N 1G2,Canada,T2P
PURE DAY SPA,"121-5325 CORDOVA BAY RD, VICTORIA, BC, V8Y 2L3, Canada",121-5325 CORDOVA BAY RD,VICTORIA,BC,V8Y 2L3,Canada,T2P
FEATURES ESTHETICS,"2552 WINDSOR ROAD, VICTORIA, BC, V8S 3E9, Canada",2552 WINDSOR ROAD,VICTORIA,BC,V8S 3E9,Canada,T2P
SUSAN O CONNOR MEDICAL AESTHET,"106 TWEEDSMUIR ST, FLIN FLON, MB, R8A 0R8, Canada",106 TWEEDSMUIR ST,FLIN FLON,MB,R8A 0R8,Canada,T2P
D ORIENT SPA,"7-483 RANGE LAKE RD, YELLOWKNIFE, NT, X1A 3R9, Canada",7-483 RANGE LAKE RD,YELLOWKNIFE,NT,X1A 3R9,Canada,T2P
ROXANN SULLIVAN AESTHETICS,"6B DUFFY PL, ST-JOHN S, NL, A1B 4M5, Canada",6B DUFFY PL,ST-JOHN S,NL,A1B 4M5,Canada,B3H
ROSEWOOD BEAUTY CLINIC INC.,"115 CAVENDISH SQ., ST-JOHN S, NL, A1C 3K2, Canada",115 CAVENDISH SQ.,ST-JOHN S,NL,A1C 3K2,Canada,B3H
